No,Player,G,Min,Pts,Reb,Ast,Stl,Blk,To,Pf,Dreb,Oreb,Fgm-a,Pct,3gm-a,Pct,Ftm-a,Pct,eff
1,S. Curry,79,34.2,30.1,5.4,6.7,2.1,0.2,3.3,2,4.6,0.9,10.2-20.2,0.504,5.1-11.2,0.454,4.6-5.1,0.908,30.7
2,K. Durant,72,35.8,28.2,8.2,5,0.9,1.2,3.5,1.9,7.6,0.6,9.7-19.2,0.505,2.6-6.7,0.388,6.2-6.9,0.898,29.8
3,R. Westbrook,80,34.4,23.5,7.9,10.5,2,0.3,4.3,2.5,6,1.8,8.2-18.1,0.454,1.3-4.3,0.296,5.8-7.2,0.812,28.6
4,J. Harden,82,38.1,29,6.1,7.5,1.7,0.6,4.6,2.8,5.4,0.8,8.7-19.7,0.439,2.9-8.0,0.36,8.8-10.2,0.86,27.8
5,L. James,76,35.6,25.3,7.4,6.7,1.4,0.6,3.3,1.9,6,1.5,9.7-18.6,0.52,1.1-3.7,0.309,4.7-6.5,0.731,27.5
6,A. Davis,61,35.5,24.3,10.3,1.9,1.3,2,2,2.4,8.1,2.1,9.2-18.6,0.493,0.6-1.8,0.324,5.3-7.0,0.758,26.6
7,D. Cousins,65,34.6,26.9,11.5,3.3,1.6,1.4,3.8,3.6,9,2.4,9.2-20.5,0.451,1.1-3.2,0.333,7.3-10.2,0.718,26.6
8,C. Paul,74,32.7,19.5,4.2,10,2,0.2,2.6,2.5,3.7,0.5,7.0-15.1,0.462,1.6-4.4,0.371,4.0-4.4,0.896,24.8
9,D. Green,81,34.7,14,9.4,7.4,1.5,1.4,3.2,3,7.8,1.6,5.0-10.1,0.49,1.2-3.2,0.388,2.8-4.1,0.696,24
10,K. Leonard,72,33,21.2,6.9,2.6,1.8,1,1.5,1.8,5.5,1.3,7.7-15.2,0.506,1.8-4.0,0.443,4.1-4.6,0.874,23.9
11,K. Towns,82,32,18.3,10.4,2,0.7,1.7,2.2,3,7.7,2.8,7.6-14.0,0.543,0.4-1.1,0.341,2.7-3.4,0.811,23.8
12,P. Gasol,72,31.8,16.5,11,4.1,0.6,2,2.3,2.1,8.8,2.2,6.5-13.8,0.469,0.3-1.0,0.348,3.2-4.0,0.792,23.7
13,H. Whiteside,73,29.1,14.2,11.8,0.4,0.6,3.7,1.9,2.8,8.6,3.3,5.6-9.3,0.605,0.0-0.0,-,2.9-4.5,0.65,23.6
14,B. Griffin,35,33.4,21.4,8.4,4.9,0.8,0.5,2.4,2.7,6.9,1.5,8.6-17.3,0.498,0.2-0.5,0.333,4.0-5.5,0.727,23.4
15,D. Jordan,77,33.7,12.7,13.8,1.2,0.7,2.3,1.4,2.7,10.3,3.5,4.6-6.6,0.704,0.0-0.0,-,3.5-8.0,0.43,22.7
16,J. Wall,77,36.2,19.9,4.9,10.3,1.9,0.8,4.1,2.1,4.4,0.5,7.4-17.5,0.424,1.5-4.2,0.352,3.5-4.5,0.791,22.5
17,P. Millsap,81,32.6,17.1,9,3.3,1.8,1.7,2.4,2.9,6.6,2.4,6.2-13.2,0.47,0.9-2.9,0.319,3.8-5.0,0.757,22.4
18,P. George,81,34.8,23.1,7,4.1,1.9,0.4,3.3,2.8,6,1,7.5-17.9,0.418,2.6-7.0,0.372,5.6-6.5,0.86,21.8
19,K. Lowry,77,37,21.2,4.7,6.4,2.1,0.4,2.9,2.7,4,0.7,6.6-15.6,0.427,2.8-7.1,0.388,5.2-6.4,0.811,21.8
20,D. Lillard,75,35.7,25.1,4,6.8,0.9,0.4,3.2,2.2,3.4,0.6,8.2-19.7,0.419,3.1-8.1,0.375,5.5-6.2,0.892,21.8
21,A. Drummond,81,32.9,16.2,14.8,0.8,1.5,1.4,1.9,3,9.9,4.9,6.8-13.1,0.52,0.0-0.1,0.333,2.6-7.2,0.355,21.8
22,J. Butler,67,36.9,20.9,5.4,4.8,1.6,0.6,2,1.9,4.2,1.2,7.0-15.4,0.455,1.0-3.1,0.311,5.9-7.1,0.832,21.7
23,B. Lopez,73,33.7,20.6,7.9,2,0.8,1.7,2.4,2.9,5.1,2.8,8.1-15.9,0.51,0.0-0.2,0.143,4.3-5.5,0.787,21.6
24,C. Anthony,72,35.1,21.8,7.7,4.2,0.9,0.5,2.4,2.5,6.4,1.4,7.9-18.2,0.434,1.5-4.3,0.339,4.6-5.6,0.829,21.4
25,N. Vucevic,65,31.3,18.2,8.8,2.8,0.8,1.1,1.9,2.7,6.1,2.7,8.2-16.1,0.51,0.0-0.1,0.222,1.7-2.3,0.753,21.3
26,G. Antetokounmpo,80,35.3,16.9,7.7,4.3,1.2,1.4,2.6,3.2,6.3,1.4,6.4-12.7,0.507,0.4-1.4,0.255,3.7-5.1,0.724,21.2
27,R. Rondo,72,35.2,11.9,6.1,11.6,2,0.1,3.9,2.4,5,1.1,4.9-10.9,0.454,0.9-2.4,0.365,1.2-2.1,0.58,21.1
28,L. Aldridge,74,30.6,18,8.5,1.5,0.5,1.1,1.3,2,6.2,2.4,7.2-14.1,0.513,0.0-0.2,-,3.5-4.1,0.858,20.8
29,D. Howard,71,32.1,13.7,11.8,1.4,1,1.6,2.3,3.1,8.4,3.4,5.2-8.5,0.619,0.0-0.1,-,3.3-6.7,0.489,20.5
30,A. Horford,82,32.1,15.2,7.3,3.2,0.8,1.5,1.3,2,5.5,1.8,6.5-12.8,0.504,1.1-3.1,0.342,1.3-1.6,0.798,20.1
31,K. Walker,81,35.6,20.9,4.4,5.2,1.6,0.5,2.1,1.4,3.7,0.7,7.0-16.4,0.426,2.2-6.0,0.371,4.6-5.4,0.847,20.1
32,D. DeRozan,78,35.9,23.5,4.5,4,1.1,0.3,2.2,2.1,3.7,0.8,7.9-17.7,0.446,0.6-1.8,0.338,7.1-8.4,0.85,20
33,C. Bosh,53,33.5,19.1,7.4,2.4,0.7,0.6,1.5,1.9,6.5,0.9,6.8-14.5,0.467,1.5-4.2,0.365,4.0-5.1,0.795,19.9
34,G. Monroe,79,29.3,15.3,8.8,2.3,0.9,0.8,1.6,2.1,6.1,2.8,6.2-11.9,0.522,0.0-0.0,-,2.9-3.9,0.74,19.8
35,E. Bledsoe,31,34.2,20.4,4,6.1,2,0.6,3.6,2.4,3.5,0.6,7.2-15.9,0.453,1.5-4.2,0.372,4.5-5.5,0.802,19.8
36,M. Gortat,75,30.1,13.5,9.9,1.4,0.6,1.3,1.6,2.6,6.9,2.9,5.8-10.2,0.567,0.0-0.0,-,1.9-2.8,0.705,19.8
37,K. Love,77,31.5,16,9.9,2.4,0.8,0.5,1.8,2.1,7.9,1.9,5.3-12.7,0.418,2.1-5.7,0.36,3.4-4.1,0.822,19.7
38,D. Favors,62,32,16.4,8.1,1.5,1.2,1.5,1.7,2.4,5.4,2.7,6.7-13.1,0.515,0.0-0.1,-,2.9-4.1,0.709,19.5
39,I. Thomas,82,32.2,22.2,3,6.2,1.1,0.1,2.7,2,2.4,0.6,7.2-16.9,0.428,2.0-5.7,0.359,5.8-6.6,0.871,19.4
40,M. Gasol,52,34.4,16.6,7,3.8,1,1.3,2.3,2.7,5.8,1.1,6.3-13.6,0.464,0.0-0.1,0.667,3.9-4.7,0.829,19.2
41,T. Young,73,33,15.1,9.1,1.8,1.5,0.5,1.9,2.5,6.6,2.4,6.8-13.2,0.514,0.1-0.4,0.233,1.4-2.2,0.644,19
42,D. Nowitzki,75,31.5,18.3,6.5,1.8,0.7,0.7,1.1,2.1,5.8,0.7,6.6-14.8,0.448,1.7-4.6,0.368,3.3-3.7,0.893,18.3
43,K. Thompson,80,33.3,22.1,3.8,2.1,0.8,0.6,1.7,1.9,3.4,0.4,8.1-17.3,0.47,3.5-8.1,0.425,2.4-2.8,0.873,18.2
44,D. Gallinari,53,34.7,19.5,5.3,2.5,0.8,0.4,1.5,1.6,4.3,1,5.4-13.2,0.41,1.6-4.5,0.361,7.1-8.2,0.868,18.2
45,J. Valanciunas,60,25.9,12.8,9.1,0.7,0.4,1.3,1.4,2.6,6.1,3.1,5.1-8.9,0.565,0.0-0.0,-,2.7-3.6,0.761,18.2
46,R. Gobert,61,31.7,9.1,11,1.5,0.7,2.1,1.9,2.7,7.5,3.4,3.2-5.8,0.559,0.0-0.0,-,2.6-4.6,0.569,18
47,N. Batum,70,35,14.9,6.1,5.8,0.9,0.6,2.9,1.6,5.3,0.8,5.3-12.5,0.427,2.0-5.7,0.348,2.3-2.7,0.849,17.9
48,G. Hayward,80,36.2,19.7,5,3.7,1.2,0.3,2.5,2.3,4.2,0.8,6.5-15.0,0.433,1.8-5.1,0.349,4.9-6.0,0.824,17.8
49,T. Evans,25,30.6,15.2,5.2,6.6,1.3,0.3,2.9,2.6,4.4,0.8,5.4-12.5,0.435,1.3-3.4,0.388,3.0-3.7,0.796,17.7
50,K. Middleton,79,36.1,18.2,3.8,4.2,1.7,0.2,2.3,2.6,3.2,0.6,6.4-14.5,0.443,1.8-4.6,0.395,3.5-3.9,0.888,17.3
51,R. Rubio,76,30.6,10.1,4.3,8.6,2.1,0.1,2.6,2.6,3.8,0.5,2.9-7.7,0.374,0.8-2.5,0.326,3.5-4.1,0.847,17.3
52,R. Gay,70,34,17.2,6.5,1.7,1.4,0.7,2,2.6,5,1.5,6.7-14.4,0.463,1.1-3.1,0.344,2.8-3.6,0.78,17.1
53,C. McCollum,80,34.7,20.8,3.2,4.3,1.2,0.3,2.5,2.3,2.7,0.6,8.0-17.9,0.448,2.5-5.9,0.416,2.3-2.8,0.827,17
54,V. Oladipo,72,33,16,4.8,3.9,1.6,0.8,2.1,2.4,4.2,0.7,5.9-13.5,0.439,1.4-3.9,0.35,2.8-3.4,0.83,16.9
55,K. Faried,67,25.3,12.5,8.7,1.2,0.5,0.9,1.4,2.5,5.2,3.5,5.2-9.3,0.558,0.0-0.0,0.5,2.0-3.3,0.613,16.9
56,T. Harris,76,33.1,14.7,6.7,2.2,0.9,0.5,1.4,2,5.4,1.3,5.5-11.7,0.469,1.1-3.1,0.336,2.7-3.2,0.831,16.9
57,D. Wade,74,30.5,19,4.1,4.6,1.1,0.6,2.7,1.6,3,1.1,7.3-16.0,0.456,0.1-0.6,0.159,4.4-5.5,0.793,16.8
58,Z. Randolph,68,29.7,15.3,7.8,2.1,0.6,0.2,1.5,2.1,5.1,2.6,6.3-13.3,0.475,0.1-0.4,0.231,2.5-3.2,0.796,16.8
59,K. Irving,53,31.5,19.6,2.9,4.7,1.1,0.3,2.3,2,2.1,0.8,7.4-16.6,0.448,1.6-4.9,0.323,3.2-3.6,0.885,16.8
60,R. Jackson,79,30.7,18.8,3.2,6.2,0.7,0.1,2.8,2.4,2.5,0.7,6.8-15.7,0.434,1.5-4.2,0.352,3.7-4.3,0.864,16.8
61,J. Okafor,53,30,17.5,7,1.2,0.4,1.2,2.3,2.6,4.7,2.3,7.5-14.7,0.508,0.0-0.1,0.167,2.5-3.7,0.686,16.6
62,M. Conley,56,31.4,15.3,2.9,6.1,1.2,0.3,1.5,1.8,2.5,0.5,5.3-12.4,0.422,1.4-3.8,0.363,3.4-4.1,0.834,16.5
63,N. Noel,67,29.3,11.1,8.1,1.8,1.8,1.5,2.4,2.9,5.8,2.3,4.6-8.8,0.521,0.0-0.0,0.5,2.0-3.4,0.59,16.4
64,J. Holiday,65,28.2,16.8,3,6,1.4,0.3,2.6,2.3,2.6,0.4,6.3-14.4,0.439,1.3-4.0,0.336,2.8-3.3,0.843,16.3
65,B. Knight,52,36,19.6,3.9,5.1,1.2,0.4,3.4,2.4,3.2,0.7,7.1-17.2,0.415,2.3-6.7,0.343,3.0-3.5,0.852,16.1
66,K. Porzingis,72,28.5,14.3,7.3,1.3,0.7,1.9,1.7,2.8,5.5,1.8,5.2-12.3,0.421,1.1-3.4,0.333,2.8-3.3,0.838,16.1
67,E. Kanter,82,21,12.7,8.1,0.4,0.3,0.4,1.4,2,5.1,3,5.0-8.8,0.576,0.1-0.3,0.476,2.4-3.1,0.797,16.1
68,G. Dieng,82,27.1,10.1,7.1,1.7,1.1,1.2,1.7,2.7,5.2,1.9,3.8-7.0,0.533,0.1-0.2,0.3,2.5-3.0,0.827,15.7
69,J. Randle,81,28.2,11.3,10.2,1.8,0.7,0.4,1.8,3,8.1,2.1,4.4-10.3,0.429,0.1-0.4,0.278,2.4-3.3,0.715,15.7
70,J. Jack,32,32.1,12.8,4.2,7.4,1.1,0.2,2.9,2.4,4,0.3,4.4-11.2,0.391,1.0-3.2,0.304,3.1-3.5,0.893,15.6
71,N. Jokic,80,21.7,9.9,7,2.4,1,0.6,1.3,2.6,4.7,2.3,3.8-7.5,0.511,0.4-1.1,0.333,1.9-2.4,0.811,15.5
72,J. Teague,79,28.4,15.7,2.7,5.9,1.2,0.3,2.8,2.1,2.3,0.4,5.5-12.5,0.44,1.4-3.5,0.401,3.3-3.9,0.837,15.5
73,G. Dragic,72,32.8,14.1,3.8,5.8,1,0.2,2.6,2.6,3.1,0.8,5.8-12.2,0.477,0.9-2.8,0.312,1.7-2.3,0.727,15.5
74,J. Crowder,73,31.6,14.2,5.1,1.8,1.7,0.5,1.1,2.7,4.2,1,4.9-11.1,0.442,1.7-5.0,0.336,2.7-3.3,0.82,15.4
75,A. Wiggins,81,35.1,20.7,3.6,2,1,0.6,2.2,2,2.3,1.3,7.3-16.0,0.459,0.7-2.3,0.3,5.3-7.0,0.761,15.3
76,R. Anderson,66,30.4,17,6,1.1,0.6,0.4,1.4,1.7,4,2,6.0-14.1,0.428,2.0-5.4,0.367,3.0-3.5,0.873,15.3
77,S. Ibaka,78,32.1,12.6,6.8,0.8,0.5,1.9,1.4,2.7,5,1.8,5.3-11.1,0.479,0.8-2.4,0.326,1.2-1.6,0.752,15.1
78,Z. Pachulia,76,26.4,8.6,9.4,1.7,0.8,0.3,1.6,2.4,6.2,3.3,2.9-6.2,0.466,0.0-0.0,-,2.8-3.6,0.768,15.1
79,M. Williams,81,28.9,11.7,6.4,1.4,0.7,1,0.8,1.6,4.9,1.6,4.2-9.2,0.452,1.9-4.7,0.401,1.5-1.8,0.833,15
80,M. Plumlee,82,25.4,9.1,7.7,2.8,0.8,1,1.9,3.1,5.2,2.5,3.3-6.3,0.516,0.0-0.0,-,2.6-4.1,0.642,15
81,R. Lopez,82,27,10.3,7.3,1.4,0.2,1.6,1.6,2.2,4.1,3.3,4.4-8.1,0.539,0.0-0.0,-,1.6-2.0,0.795,15
82,D. Jones,1,42.4,13,5,2,1,2,0,6,4,1,6.0-14.0,0.429,1.0-2.0,0.5,0.0-0.0,-,15
83,W. Barton,82,28.7,14.4,5.8,2.5,0.9,0.5,1.7,1.8,5.1,0.7,5.2-12.0,0.433,1.4-4.0,0.346,2.6-3.3,0.806,14.9
84,M. Kidd-Gilchrist,7,29.2,12.7,6.4,1.3,0.4,0.4,1.1,1.3,4.7,1.7,4.7-8.7,0.541,0.4-1.0,0.429,2.9-4.1,0.69,14.9
85,T. Duncan,61,25.2,8.6,7.3,2.7,0.8,1.3,1.5,2,5.4,1.9,3.5-7.2,0.486,0.0-0.0,-,1.5-2.1,0.702,14.8
86,J. Sullinger,81,23.6,10.3,8.3,2.3,0.9,0.6,1.3,2.6,5.9,2.4,4.3-10.0,0.435,0.4-1.3,0.279,1.3-2.0,0.64,14.8
87,T. Thompson,82,27.7,7.8,9,0.8,0.5,0.6,0.7,2.5,5.7,3.3,3.0-5.1,0.588,0.0-0.0,-,1.8-3.0,0.616,14.7
88,I. Mahinmi,71,25.6,9.3,7.1,1.5,0.9,1.1,1.4,3.1,5.2,1.9,3.7-6.3,0.589,0.0-0.0,-,1.9-3.2,0.587,14.6
89,C. Parsons,61,29.5,13.7,4.7,2.8,0.8,0.3,1.6,1.9,4.2,0.5,5.2-10.7,0.492,1.7-4.1,0.416,1.5-2.2,0.684,14.6
90,M. Carter-Williams,54,30.5,11.5,5.1,5.2,1.5,0.8,2.8,3,4.2,0.9,4.6-10.3,0.452,0.3-1.0,0.273,2.0-3.0,0.654,14.6
91,D. Williams,65,32.4,14.1,2.9,5.8,0.9,0.2,2.3,2.4,2.6,0.3,4.9-11.9,0.414,1.5-4.3,0.344,2.8-3.2,0.869,14.3
92,A. Jefferson,47,23.3,12,6.4,1.5,0.6,0.9,0.7,2.5,5.2,1.2,5.2-10.7,0.485,0.0-0.0,-,1.5-2.4,0.649,14.3
93,L. Deng,74,32.4,12.3,6,1.9,1,0.4,1.1,1.6,4.5,1.5,4.6-10.1,0.454,1.2-3.5,0.344,2.0-2.6,0.755,14.3
94,I. Smith,77,29.1,12.6,4,6.5,1.1,0.3,2.3,1.7,3.4,0.6,5.2-12.6,0.411,0.7-2.2,0.329,1.6-2.3,0.693,14.2
95,B. Beal,55,31.1,17.4,3.4,2.9,1,0.2,2,2.1,2.7,0.7,6.5-14.5,0.449,1.9-4.9,0.387,2.5-3.2,0.767,14.2
96,J. Parker,76,31.7,14.1,5.2,1.7,0.9,0.4,1.5,2,3.6,1.6,5.8-11.8,0.493,0.1-0.5,0.257,2.3-3.0,0.768,14.1
97,D. Collison,74,30,14,2.3,4.3,1,0.1,1.7,1.9,1.9,0.4,5.1-10.5,0.486,1.2-2.9,0.401,2.6-3.1,0.858,14.1
98,M. Ellis,81,33.8,13.8,3.4,4.7,1.8,0.5,2.5,2.1,2.8,0.5,5.4-12.6,0.427,1.1-3.5,0.31,2.0-2.5,0.786,14
99,O. Porter,75,30.3,11.6,5.2,1.6,1.4,0.4,0.9,2.2,3.9,1.3,4.5-9.6,0.472,1.3-3.6,0.367,1.3-1.7,0.754,13.8
100,T. Ariza,81,35.3,12.7,4.5,2.3,2,0.3,1.4,2.2,3.7,0.8,4.4-10.6,0.416,2.3-6.1,0.372,1.6-2.0,0.783,13.8
101,A. Bogut,70,20.7,5.4,7,2.3,0.5,1.6,1.2,3.2,5.3,1.7,2.5-4.0,0.627,0.0-0.0,1,0.3-0.7,0.48,13.7
102,T. Chandler,66,24.5,7.2,8.7,1,0.5,0.7,1.4,2.2,6.1,2.7,2.8-4.8,0.583,0.0-0.0,-,1.6-2.6,0.62,13.7
103,T. Gibson,73,26.5,8.6,6.9,1.5,0.6,1.1,1.1,2.5,4.1,2.8,3.6-6.9,0.525,0.0-0.0,-,1.4-2.0,0.692,13.7
104,E. Turner,81,28,10.5,4.9,4.4,1,0.3,2.1,1.7,4.3,0.6,4.2-9.3,0.456,0.2-1.0,0.241,1.8-2.2,0.827,13.7
105,E. Fournier,79,32.5,15.4,2.8,2.7,1.2,0,1.7,2.7,2.4,0.4,5.4-11.8,0.462,2.0-4.9,0.401,2.5-3.0,0.836,13.6
106,G. Hill,74,34.1,12.1,4,3.5,1.1,0.2,1.4,2,3.2,0.8,4.4-10.0,0.441,1.7-4.2,0.408,1.5-2.0,0.76,13.5
107,Marcus Morris,80,35.7,14.1,5.1,2.5,0.8,0.3,1.8,2.1,3.9,1.1,5.1-11.8,0.434,1.4-3.7,0.365,2.5-3.4,0.749,13.5
108,R. Covington,67,28.4,12.8,6.3,1.4,1.6,0.6,2.1,3.5,5.3,1,4.1-10.6,0.385,2.5-7.2,0.353,2.1-2.6,0.791,13.4
109,O. Casspi,69,27.3,11.8,5.9,1.4,0.8,0.2,1.4,2.2,5.1,0.8,4.3-9.0,0.482,1.6-4.0,0.409,1.5-2.3,0.648,13.3
110,A. Gordon,78,23.9,9.2,6.5,1.6,0.8,0.7,0.8,2,4.5,2,3.5-7.4,0.472,0.5-1.8,0.298,1.7-2.5,0.668,13.2
111,K. Bazemore,75,27.7,11.6,5,2.3,1.3,0.5,1.8,2.3,4.7,0.4,4.3-9.7,0.442,1.5-4.1,0.359,1.6-2.0,0.815,13.2
112,A. Johnson,79,22.8,7.3,6.4,1.7,0.7,1.1,1.2,2.7,4.1,2.3,3.2-5.4,0.585,0.1-0.5,0.233,0.9-1.5,0.57,13.1
113,D. Rose,66,31.8,16.4,3.4,4.7,0.7,0.2,2.7,1.3,2.7,0.7,6.8-15.9,0.427,0.7-2.3,0.293,2.2-2.7,0.793,13.1
114,C. Zeller,73,24.3,8.7,6.2,1,0.8,0.9,0.9,2.8,4.4,1.9,3.2-6.0,0.529,0.0-0.1,0.1,2.4-3.2,0.754,13.1
115,T. Parker,72,27.5,11.9,2.5,5.3,0.8,0.2,1.8,1.6,2.2,0.2,4.9-9.9,0.493,0.4-0.9,0.422,1.8-2.4,0.76,13.1
116,J. Clarkson,79,32.3,15.5,4,2.4,1.1,0.1,1.7,2.1,2.8,1.2,6.0-13.9,0.432,1.4-4.0,0.349,2.1-2.6,0.804,13
117,E. Payton,73,29.4,10.7,3.6,6.4,1.2,0.3,2.4,2.2,2.5,1.1,4.4-10.0,0.436,0.4-1.3,0.326,1.5-2.6,0.589,13
118,E. Davis,81,20.8,6.5,7.4,1.1,0.7,0.9,0.8,2.5,4.6,2.8,2.5-4.2,0.611,0.0-0.0,-,1.4-2.5,0.559,13
119,J. Noah,29,21.9,4.3,8.8,3.8,0.6,1,1.8,2.7,5.8,3,1.8-4.6,0.383,0.0-0.0,-,0.8-1.6,0.489,13
120,S. Adams,80,25.2,8,6.6,0.8,0.5,1.1,1.1,2.8,3.9,2.7,3.3-5.3,0.613,0.0-0.0,-,1.4-2.5,0.582,12.9
121,A. Bradley,76,33.4,15.2,2.9,2.1,1.5,0.3,1.4,2.2,2.3,0.6,6.0-13.4,0.448,1.9-5.3,0.362,1.3-1.6,0.78,12.8
122,N. Mirotic,66,24.9,11.8,5.5,1.5,0.9,0.7,1.5,2.3,4.6,0.9,3.8-9.2,0.407,2.0-5.2,0.39,2.2-2.7,0.807,12.8
123,L. Williams,67,28.5,15.3,2.5,2.5,0.9,0.3,1.6,1.6,2.1,0.5,4.2-10.4,0.407,1.6-4.8,0.343,5.3-6.3,0.83,12.8
124,M. Beasley,20,18.1,12.8,4.9,0.8,0.6,0.5,1.2,2,3.5,1.5,5.4-10.3,0.522,0.2-0.5,0.333,1.9-2.5,0.776,12.8
125,J. Redick,75,28,16.3,1.9,1.4,0.6,0.1,1.1,1.8,1.7,0.1,5.6-11.7,0.48,2.7-5.6,0.476,2.4-2.7,0.888,12.8
126,R. Hood,79,32.2,14.5,3.4,2.7,0.9,0.2,1.6,2.6,2.9,0.5,5.2-12.3,0.42,2.0-5.7,0.359,2.2-2.5,0.86,12.7
127,H. Barnes,66,30.9,11.7,4.9,1.8,0.6,0.2,0.9,2.1,3.8,1.2,4.5-9.6,0.466,1.2-3.2,0.383,1.5-2.0,0.761,12.7
128,K. Caldwell-Pope,76,36.7,14.5,3.7,1.8,1.4,0.2,1.4,2.2,2.8,0.9,5.3-12.6,0.42,1.5-4.8,0.31,2.4-3.0,0.811,12.5
129,E. Gordon,45,32.9,15.2,2.2,2.7,1,0.3,1.6,2.2,2,0.2,5.1-12.2,0.419,2.5-6.5,0.386,2.5-2.8,0.888,12.4
130,A. Aminu,82,28.5,10.2,6.1,1.7,0.9,0.6,1.5,2.1,4.9,1.2,3.6-8.8,0.416,1.5-4.3,0.361,1.4-1.9,0.737,12.4
131,J. Johnson,81,33.4,12.2,3.6,3.9,0.8,0,2,1.8,3,0.6,4.7-10.6,0.439,1.5-3.9,0.383,1.5-1.8,0.831,12.4
132,M. Turner,60,22.8,10.3,5.5,0.7,0.4,1.4,1.1,2.6,4.4,1.1,4.4-8.8,0.498,0.1-0.2,0.231,1.5-2.0,0.727,12.3
133,B. Biyombo,82,22,5.5,8,0.4,0.2,1.6,0.9,2.7,5.8,2.2,1.9-3.5,0.542,0.0-0.0,-,1.7-2.8,0.628,12.2
134,P. Beverley,71,28.7,9.9,3.5,3.4,1.3,0.4,1.3,3.3,2.5,1,3.6-8.4,0.434,1.7-4.4,0.4,0.8-1.2,0.682,12.1
135,Z. LaVine,82,28,14,2.8,3.1,0.8,0.2,1.9,2.4,2.5,0.3,5.3-11.7,0.451,1.5-3.9,0.389,2.0-2.5,0.793,12.1
136,J. Hamilton,11,27.6,11.4,5.6,2.3,0.7,0.3,1.5,2.2,4.5,1.1,4.5-10.5,0.422,1.2-4.1,0.289,1.3-1.9,0.667,12
137,A. Len,78,23.3,9,7.6,1.2,0.5,0.8,1.9,2.9,5.3,2.3,3.4-8.0,0.424,0.0-0.1,0.143,2.2-3.1,0.728,11.9
138,P. Tucker,82,31,8,6.2,2.2,1.3,0.2,1.4,2.5,4.2,2,2.9-7.1,0.411,0.8-2.5,0.33,1.3-1.7,0.746,11.9
139,M. Barnes,76,28.8,10,5.5,2.1,1,0.8,1.6,3.1,4.4,1.1,3.5-9.1,0.381,1.6-4.9,0.322,1.5-1.8,0.804,11.8
140,J. Hill,73,20.7,8.8,6.2,1.2,0.5,0.5,1.3,2.1,4,2.1,3.8-7.5,0.507,0.0-0.0,-,1.2-1.7,0.712,11.8
141,G. Harris,76,32.1,12.3,2.9,1.9,1.3,0.2,1.3,1.9,2.2,0.7,4.7-10.1,0.469,1.4-3.9,0.354,1.4-1.8,0.82,11.7
142,K. Bryant,66,28.2,17.6,3.7,2.8,0.9,0.2,2,1.7,3.1,0.6,6.0-16.8,0.358,2.0-7.1,0.285,3.5-4.3,0.826,11.7
143,Markieff Morris,64,25.5,12,5.5,1.9,0.9,0.5,2.1,2.9,4.4,1.1,4.8-11.2,0.425,0.7-2.4,0.303,1.7-2.3,0.735,11.7
144,M. Chalmers,61,22.5,10.3,2.6,3.8,1.4,0.2,1.8,3,2.2,0.4,3.0-7.3,0.41,0.8-2.4,0.309,3.6-4.3,0.832,11.5
145,C. Capela,77,19.1,7,6.4,0.6,0.8,1.2,0.8,2.5,3.9,2.5,3.0-5.2,0.582,0.0-0.0,-,1.0-2.7,0.379,11.4
146,A. Afflalo,71,33.3,12.8,3.7,2,0.4,0.1,1.2,2,3.4,0.3,5.0-11.3,0.443,1.3-3.4,0.382,1.5-1.8,0.84,11.4
147,D. Lee,55,16.4,7.8,5.5,1.5,0.4,0.5,1.2,2.1,3.7,1.8,3.2-6.1,0.531,0.0-0.0,-,1.3-1.7,0.763,11.3
148,A. Iguodala,65,26.6,7,4,3.4,1.1,0.3,1.2,1.6,3.2,0.8,2.7-5.7,0.478,0.8-2.4,0.351,0.8-1.3,0.614,11.2
149,E. Ilyasova,74,25.4,10.4,5.4,0.9,0.7,0.4,1,2.3,3.5,1.9,3.8-8.9,0.424,1.3-3.5,0.372,1.5-2.1,0.721,11.2
150,N. Hilario,57,19.2,9.2,4.5,1.7,0.9,0.5,1.3,2.7,3.6,0.9,3.7-6.7,0.544,0.0-0.1,-,1.9-3.2,0.578,11.1
151,D. Russell,80,28.2,13.2,3.4,3.3,1.2,0.2,2.5,1.8,2.8,0.6,4.9-11.9,0.41,1.6-4.6,0.354,1.8-2.4,0.737,11.1
152,J. Lin,78,26.3,11.7,3.2,3,0.8,0.5,1.9,2.1,2.7,0.5,3.8-9.3,0.412,1.0-2.9,0.336,3.1-3.7,0.815,11.1
153,J. Grant,77,26.8,9.7,4.7,1.7,0.7,1.6,1.4,2.8,3.4,1.3,3.3-7.8,0.419,0.5-1.9,0.24,2.8-4.2,0.658,11.1
154,J. Calderon,72,28,7.6,3.2,4.1,0.9,0.1,1.2,1.9,2.9,0.3,2.9-6.3,0.459,1.2-2.8,0.414,0.6-0.7,0.875,11.1
155,J. Green,80,28.2,11.7,4.2,1.7,0.7,0.5,1.2,2.1,3.2,0.9,4.4-10.3,0.43,0.8-2.7,0.315,2.1-2.8,0.745,11.1
156,W. Cauley-Stein,66,21.4,7,5.3,0.6,0.7,1,0.7,2.2,3.3,2,2.9-5.1,0.563,0.0-0.0,-,1.2-1.9,0.648,11
157,J. Leuer,67,18.7,8.5,5.6,1.1,0.6,0.4,1.1,1.9,4.4,1.1,3.3-7.0,0.481,0.6-1.6,0.382,1.1-1.5,0.762,11
158,K. Olynyk,69,20.2,10,4.1,1.5,0.8,0.5,1.1,2.4,3,1,3.7-8.1,0.455,1.2-3.0,0.405,1.4-1.9,0.75,10.9
159,C. Landry,36,15.8,9.8,4.1,0.9,0.3,0.3,0.6,1.9,2.7,1.4,3.9-6.9,0.556,0.2-0.4,0.462,1.9-2.5,0.736,10.9
160,J. Bayless,52,28.9,10.4,2.7,3.1,0.9,0.2,1.4,2.1,2.3,0.4,3.6-8.4,0.423,1.9-4.4,0.439,1.3-1.7,0.778,10.8
161,B. Bass,66,20.3,7.2,4.3,1.1,0.5,0.8,0.6,1.9,2.7,1.6,2.6-4.8,0.549,0.0-0.0,-,1.9-2.2,0.845,10.8
162,W. Matthews,78,33.9,12.5,3.1,1.9,1,0.2,1,2.3,2.7,0.3,4.2-10.9,0.388,2.4-6.7,0.36,1.6-1.9,0.863,10.8
163,J. Smith,77,30.7,12.4,2.8,1.7,1.1,0.3,0.8,2.6,2.3,0.6,4.6-11.0,0.416,2.6-6.6,0.4,0.6-0.9,0.634,10.7
164,M. Teletovic,79,21.3,12.2,3.8,1.1,0.4,0.3,1.1,2,3.1,0.7,4.2-9.8,0.427,2.3-5.8,0.393,1.5-2.0,0.774,10.7
165,M. Smart,61,27.3,9.1,4.2,3,1.5,0.3,1.3,3,2.9,1.2,3.0-8.7,0.348,1.0-4.0,0.253,2.1-2.7,0.777,10.6
166,D. Booker,76,27.7,13.8,2.5,2.6,0.6,0.3,2.1,3,2.1,0.4,4.8-11.4,0.423,1.3-3.8,0.343,2.8-3.4,0.84,10.5
167,D. West,78,18,7.1,4,1.8,0.6,0.7,0.9,1.8,3,0.9,3.1-5.7,0.545,0.0-0.1,0.429,0.8-1.0,0.788,10.5
168,D. Schroder,80,20.3,11,2.6,4.4,0.9,0.1,2.3,1.7,2.3,0.3,4.1-9.8,0.421,1.0-3.0,0.322,1.8-2.3,0.791,10.5
169,E. Mudiay,68,30.4,12.8,3.4,5.5,1,0.5,3.2,2.1,2.9,0.5,4.8-13.3,0.364,1.1-3.4,0.319,2.1-3.1,0.67,10.5
170,T. Warren,47,22.8,11,3.1,0.9,0.8,0.3,0.7,2,1.9,1.2,4.7-9.4,0.501,0.6-1.5,0.4,1.0-1.4,0.703,10.4
171,A. Burks,31,25.7,13.3,3.5,2,0.6,0.1,1.6,2.3,3,0.5,4.4-10.8,0.41,1.0-2.5,0.405,3.4-4.5,0.752,10.4
172,R. Hollis-Jefferson,29,21.2,5.8,5.3,1.5,1.3,0.6,0.9,2.1,4,1.3,2.2-4.8,0.457,0.1-0.5,0.286,1.3-1.8,0.712,10.4
173,F. Ezeli,46,16.7,7,5.7,0.7,0.4,1.1,0.8,2,3.6,2,2.7-5.0,0.548,0.0-0.0,-,1.5-2.9,0.53,10.4
174,R. Felton,80,27.4,9.5,3.2,3.6,0.9,0.2,1.5,1.8,2.8,0.5,3.5-8.5,0.406,0.8-2.7,0.282,1.9-2.2,0.847,10.4
175,D. Carroll,26,30.2,11,4.7,1,1.7,0.2,1.1,2.4,3.5,1.2,4.0-10.4,0.389,1.8-4.5,0.39,1.2-1.9,0.6,10.3
176,J. Barea,74,22.5,10.9,2.1,4.1,0.4,0,1.5,1.5,1.7,0.4,4.3-9.6,0.446,1.4-3.5,0.386,1.0-1.3,0.771,10.3
177,J. Crawford,79,26.9,14.2,1.8,2.3,0.7,0.2,1.4,1.5,1.6,0.3,4.8-11.9,0.403,1.5-4.4,0.339,3.1-3.4,0.904,10.3
178,M. Ginobili,58,19.6,9.6,2.5,3.1,1.1,0.2,1.7,1.7,2.1,0.4,3.4-7.5,0.453,1.2-3.1,0.391,1.6-1.9,0.813,10.3
179,J. Dudley,81,25.9,7.9,3.5,2.1,0.9,0.2,1,2.3,2.9,0.7,2.9-6.0,0.478,1.2-3.0,0.418,0.9-1.2,0.735,10.2
180,N. Cole,45,26.6,10.6,3.4,3.7,0.8,0.1,1.7,2.3,3.1,0.2,4.4-10.8,0.404,0.7-2.3,0.32,1.2-1.4,0.8,10.2
181,T. Allen,64,25.3,8.4,4.6,1.1,1.7,0.3,1.2,2.7,3,1.6,3.4-7.3,0.458,0.2-0.7,0.357,1.4-2.2,0.652,10.1
182,J. Lauvergne,59,17.6,7.9,4.9,0.9,0.2,0.3,0.9,1.9,3.6,1.3,3.3-6.4,0.513,0.2-0.9,0.245,1.1-1.2,0.899,10.1
183,K. Korver,80,30.1,9.2,3.2,2.1,0.8,0.4,1.2,2,3.1,0.2,3.4-7.7,0.436,2.0-5.0,0.397,0.6-0.7,0.833,10.1
184,K. Koufos,78,19,6.8,5.4,0.4,0.5,0.9,0.6,2.4,3.3,2.2,3.0-5.7,0.53,0.0-0.0,-,0.7-1.3,0.548,10.1
185,C. Aldrich,60,13.3,5.5,4.8,0.8,0.8,1.1,1.1,2.3,3.4,1.4,2.2-3.8,0.596,0.0-0.0,-,1.0-1.4,0.714,10
186,M. Leonard,61,21.8,8.3,5.1,1.5,0.1,0.3,1.3,3,4.3,0.8,3.2-7.1,0.447,1.4-3.7,0.377,0.6-0.8,0.761,10
187,T. McConnell,81,19.8,6.1,3.1,4.5,1.2,0.1,1.7,1.4,2.6,0.5,2.7-5.7,0.47,0.4-1.1,0.348,0.3-0.5,0.634,10
188,T. Sefolosha,75,23.4,6.4,4.4,1.4,1.1,0.5,0.9,1.5,3.7,0.7,2.5-5.0,0.503,0.6-1.7,0.336,0.8-1.3,0.626,10
189,T. Johnson,36,24,8.7,3.1,2.2,0.7,0.4,1.3,1.8,2.3,0.8,3.3-6.7,0.488,0.8-1.9,0.386,1.4-1.8,0.797,9.9
190,T. Booker,79,20.7,5.9,5.7,1.1,0.7,0.5,1,2.1,3.6,2.1,2.4-4.9,0.49,0.2-0.5,0.293,0.9-1.3,0.67,9.9
191,R. Sessions,82,20.3,9.9,2.5,2.9,0.6,0.1,1.4,1.2,2.2,0.3,3.4-7.2,0.473,0.4-1.4,0.324,2.6-3.5,0.756,9.9
192,J. Henson,57,16.8,7,3.9,0.9,0.3,1.9,1.1,2.3,2.4,1.5,2.9-5.1,0.564,0.0-0.0,-,1.2-2.1,0.59,9.8
193,L. Scola,76,21.5,8.7,4.7,0.9,0.6,0.4,0.9,2.3,3.6,1.1,3.5-7.9,0.45,0.9-2.1,0.404,0.8-1.1,0.726,9.8
194,C. Lee,79,29.6,9.6,2.6,1.7,1.1,0.4,0.9,1.7,2.2,0.4,3.7-8.1,0.454,1.0-2.7,0.378,1.3-1.5,0.839,9.8
195,D. Sloan,61,21.6,7,2.8,4.4,0.5,0.1,1.3,1.2,2.6,0.3,2.5-5.7,0.44,0.6-1.6,0.384,1.3-1.7,0.75,9.8
196,J. Nurkic,32,17.1,8.2,5.4,1.3,0.8,1.4,1.7,2.8,3.4,2,3.2-7.6,0.417,0.0-0.1,-,1.9-3.1,0.616,9.7
197,A. Crabbe,81,26,10.3,2.7,1.2,0.8,0.2,0.8,2.4,2.3,0.3,3.9-8.4,0.46,1.4-3.5,0.394,1.2-1.4,0.867,9.7
198,R. Hibbert,81,23.2,5.9,4.9,1.2,0.4,1.4,0.9,3.1,3.3,1.6,2.2-5.1,0.443,0.0-0.0,-,1.4-1.8,0.807,9.7
199,D. Arthur,70,21.7,7.5,4.2,1.4,0.8,0.7,0.9,2.6,3,1.2,3.2-7.0,0.452,0.6-1.7,0.385,0.6-0.8,0.755,9.6
200,S. Larkin,78,22.4,7.3,2.3,4.4,1.2,0.2,1.9,1.6,1.9,0.4,2.8-6.4,0.441,0.5-1.4,0.358,1.1-1.4,0.776,9.6
201,J. Lamb,66,18.6,8.8,3.8,1.2,0.6,0.5,0.8,1.6,3.1,0.7,3.5-7.7,0.451,0.8-2.7,0.309,1.0-1.3,0.727,9.5
202,H. Sims,14,18.8,6.5,5.1,0.6,0.6,0.9,0.9,2.6,3.6,1.5,2.4-5.5,0.429,0.0-0.1,-,1.8-2.1,0.833,9.5
203,B. Wright,12,17.7,6.9,3.6,0.5,0.4,1.3,0.8,1.8,2.4,1.2,2.9-4.3,0.673,0.0-0.0,-,1.1-2.0,0.542,9.5
204,J. Nelson,39,26.6,7.7,2.9,4.9,0.6,0.1,1.7,2.6,2.5,0.5,2.9-7.9,0.368,1.1-3.7,0.299,0.8-0.9,0.857,9.5
205,C. Joseph,80,25.6,8.5,2.6,3.1,0.8,0.3,1.3,1.6,2.2,0.5,3.2-7.3,0.439,0.4-1.4,0.273,1.7-2.2,0.764,9.4
206,L. Galloway,82,24.8,7.6,3.5,2.5,0.9,0.3,0.7,2.2,3,0.5,2.8-7.2,0.393,0.9-2.7,0.344,1.0-1.4,0.754,9.4
207,J. Farmar,12,24.3,9.2,2.1,3.1,1.3,0.2,1.5,1.8,1.8,0.3,3.5-8.3,0.42,1.3-3.8,0.356,0.8-0.8,1,9.4
208,T. Douglas,61,20.7,8.7,2.3,2.5,1.1,0.1,1,2.1,1.9,0.4,3.0-7.3,0.413,1.3-3.3,0.399,1.4-1.6,0.848,9.3
209,C. Miles,64,22.9,11.8,2.7,1,0.8,0.5,1.1,2.2,2.3,0.4,4.0-9.9,0.409,2.2-6.0,0.367,1.5-1.9,0.75,9.3
210,L. Nance,63,20.1,5.5,5,0.7,0.9,0.4,0.7,2,3.3,1.6,2.5-4.8,0.527,0.0-0.2,0.1,0.5-0.7,0.681,9.3
211,T. Jones,50,20.9,8.7,4.2,0.8,0.5,0.8,1,1.7,3,1.2,3.3-7.3,0.452,0.5-1.6,0.316,1.5-2.3,0.664,9.2
212,J. Green,78,18.5,7.4,4.8,0.9,0.6,0.4,1.1,2.4,3,1.8,2.9-6.3,0.465,0.2-0.6,0.333,1.3-1.8,0.752,9.2
213,J. Winslow,78,28.6,6.5,5.2,1.5,0.9,0.3,1.2,2.4,4.1,1,2.5-5.9,0.423,0.4-1.5,0.276,1.0-1.5,0.684,9.2
214,D. Green,79,26.1,7.2,3.8,1.8,1,0.8,0.9,1.8,3.2,0.6,2.7-7.1,0.376,1.5-4.4,0.332,0.4-0.6,0.739,9.1
215,M. Dellavedova,76,24.6,7.5,2.1,4.4,0.6,0.1,1.5,2.3,1.7,0.4,2.7-6.7,0.405,1.3-3.1,0.41,0.8-0.9,0.864,9.1
216,S. Livingston,78,19.5,6.3,2.2,3.1,0.7,0.3,1,1.8,1.6,0.5,2.6-4.9,0.536,0.0-0.2,0.167,1.0-1.2,0.86,9.1
217,L. Allen,79,20.2,5.4,5.4,1,0.3,0.5,0.9,1.9,3.3,2.1,2.4-4.7,0.516,0.0-0.0,-,0.6-0.9,0.63,9.1
218,D. Williams,80,18,9.3,3.7,0.9,0.4,0.1,0.8,0.9,3.1,0.6,3.2-7.1,0.45,0.6-1.9,0.293,2.4-3.2,0.758,9
219,B. Bogdanovic,79,26.8,11.2,3.2,1.3,0.4,0.1,1.5,1.5,2.8,0.5,4.1-9.5,0.433,1.6-4.3,0.383,1.4-1.7,0.833,9
220,A. Baynes,81,15.2,6.3,4.7,0.6,0.3,0.6,0.8,1.9,3,1.7,2.4-4.7,0.505,0.0-0.0,-,1.6-2.0,0.764,9
221,B. Portis,62,17.8,7,5.4,0.8,0.4,0.4,0.9,1.6,3.5,2,3.0-7.0,0.428,0.3-0.8,0.308,0.8-1.1,0.727,8.9
222,L. Stephenson,69,19.9,8.3,3.2,1.9,0.6,0.1,1.4,2,2.7,0.6,3.3-6.9,0.481,0.4-1.1,0.385,1.3-1.6,0.784,8.9
223,P. Patterson,79,25.6,6.9,4.3,1.2,0.7,0.4,0.8,1.6,3.3,1,2.6-6.2,0.414,1.3-3.7,0.362,0.4-0.4,0.853,8.9
224,S. Muhammad,82,20.5,10.5,3.3,0.6,0.3,0.1,0.9,1.1,2,1.2,3.9-8.3,0.465,0.5-1.9,0.289,2.3-3.0,0.764,8.8
225,S. Mack,52,20.5,8.6,2.5,3.6,0.7,0.1,1.8,1.4,2.2,0.3,3.5-8.0,0.439,0.8-2.4,0.315,0.9-1.2,0.738,8.8
226,F. Kaminsky,81,21.1,7.5,4.1,1.2,0.5,0.5,0.7,1.6,3.3,0.9,2.7-6.5,0.41,0.8-2.5,0.337,1.3-1.8,0.73,8.8
227,T. Mozgov,76,17.4,6.3,4.4,0.4,0.3,0.8,0.9,2.1,3,1.4,2.7-4.7,0.565,0.0-0.1,0.143,0.9-1.3,0.716,8.8
228,H. Thompson,77,28,9.8,3.6,1.3,0.5,0.3,1,2.4,2.8,0.7,3.5-8.8,0.396,1.9-5.1,0.379,0.9-1.2,0.719,8.8
229,R. Stuckey,58,22,8.9,2.7,2.4,0.7,0.1,1.3,1.3,2.4,0.3,3.2-7.7,0.412,0.3-1.4,0.241,2.3-2.7,0.829,8.7
230,P. Mills,81,20.5,8.5,2,2.8,0.7,0.1,0.9,1.3,1.6,0.3,3.2-7.6,0.425,1.5-4.0,0.384,0.6-0.7,0.81,8.6
231,T. Ross,73,23.9,9.9,2.5,0.8,0.7,0.3,0.6,1.6,2.2,0.3,3.7-8.6,0.431,1.8-4.6,0.388,0.7-0.8,0.79,8.6
232,S. Hawes,57,18.2,6,4.3,1.9,0.4,0.5,1,1.9,3.4,0.9,2.2-5.4,0.405,0.7-1.8,0.373,0.9-1.1,0.831,8.6
233,A. Stoudemire,52,14.7,5.8,4.3,0.5,0.4,0.8,0.9,1.8,3,1.3,2.4-4.3,0.566,0.0-0.0,-,1.0-1.3,0.746,8.6
234,B. Diaw,76,18.2,6.4,3.1,2.3,0.3,0.3,1.3,1.3,2.3,0.8,2.7-5.0,0.527,0.3-0.9,0.362,0.7-1.0,0.737,8.4
235,S. Kilpatrick,31,19.9,11.1,1.8,0.9,0.4,0.1,1,1.2,1.4,0.4,4.0-8.7,0.456,1.3-3.7,0.342,1.9-2.2,0.896,8.4
236,G. Neal,40,20.2,9.8,2.1,1.2,0.5,0,0.8,1.4,1.8,0.3,3.8-8.1,0.466,1.0-2.5,0.414,1.2-1.4,0.855,8.3
237,I. Canaan,77,25.5,11,2.3,1.8,0.7,0.2,1.2,1.7,2,0.3,3.4-9.4,0.36,2.3-6.3,0.364,1.9-2.3,0.833,8.3
238,O. Asik,68,17.3,4,6.1,0.4,0.3,0.3,0.9,1.8,4.3,1.8,1.5-2.9,0.531,0.0-0.0,-,0.9-1.6,0.545,8.1
239,A. Ajinca,59,14.6,6,4.6,0.5,0.3,0.6,0.9,2.3,3.3,1.3,2.5-5.3,0.478,0.0-0.0,-,0.9-1.1,0.839,8.1
240,D. Waiters,78,27.6,9.8,2.6,2,1,0.2,1.5,1.8,2.1,0.5,3.6-9.0,0.4,1.1-3.1,0.357,1.4-2.0,0.713,8
241,D. Powell,69,14.4,5.8,4,0.6,0.5,0.3,0.6,1.7,2.7,1.2,2.1-4.3,0.493,0.0-0.2,0.125,1.5-2.1,0.739,8
242,M. Thornton,61,18.2,9.7,2.5,1.4,0.8,0.1,0.8,1.5,1.8,0.6,3.5-8.9,0.399,1.5-4.4,0.336,1.1-1.3,0.848,8
243,T. Burke,64,21.3,10.6,1.8,2.3,0.5,0.1,1.3,1.3,1.5,0.3,4.1-9.9,0.413,1.4-4.0,0.344,1.0-1.3,0.817,8
244,D. Harris,64,20,7.6,2.2,1.8,0.9,0.2,1,1.9,1.9,0.3,2.6-5.8,0.447,0.8-2.5,0.329,1.6-2.2,0.721,7.9
245,G. Henderson,72,19.9,8.7,2.9,1,0.5,0.3,0.9,1.2,2.5,0.4,3.2-7.3,0.439,0.7-1.9,0.35,1.6-2.0,0.767,7.9
246,D. Augustin,62,19,7.5,1.5,3.2,0.6,0.1,1.4,1.4,1.4,0.1,2.4-5.6,0.423,1.1-2.7,0.402,1.7-2.1,0.805,7.9
247,O. Mayo,41,26.6,7.8,2.6,2.9,1.1,0.2,1.8,3.1,2.2,0.3,2.9-7.8,0.371,1.3-4.0,0.321,0.8-1.0,0.775,7.8
248,M. Harkless,78,18.7,6.4,3.6,0.9,0.6,0.4,0.8,1.6,2.3,1.3,2.5-5.3,0.474,0.5-1.8,0.279,0.9-1.4,0.622,7.8
249,S. Johnson,73,23.1,8.1,4.2,1.6,0.8,0.2,1.6,2.4,3.4,0.8,3.1-8.2,0.375,0.9-2.8,0.307,1.1-1.4,0.784,7.8
250,M. Plumlee,61,14.3,5.1,3.8,0.3,0.3,0.8,0.7,1.2,2.2,1.6,2.3-3.8,0.601,0.0-0.0,-,0.6-1.0,0.576,7.8
251,E. Moore,59,21.4,7.5,2.3,1.7,0.6,0.3,0.9,1.7,1.9,0.3,3.2-6.6,0.481,0.8-1.8,0.452,0.4-0.6,0.629,7.8
252,B. Marjanovic,54,9.4,5.5,3.6,0.4,0.2,0.4,0.5,1,2.2,1.4,1.9-3.2,0.603,0.0-0.0,-,1.6-2.1,0.763,7.8
253,I. Shumpert,54,24.4,5.8,3.8,1.7,1,0.4,1.1,2.2,3.2,0.6,2.1-5.6,0.374,0.8-2.7,0.295,0.7-0.9,0.784,7.8
254,J. Smith,76,15.5,7.2,2.9,0.8,0.4,0.9,0.8,2.1,2.2,0.7,3.2-6.6,0.485,0.1-0.2,0.25,0.7-0.9,0.806,7.8
255,T. Splitter,36,16.1,5.6,3.4,0.8,0.6,0.3,0.7,2,2.1,1.3,2.3-4.3,0.523,0.0-0.1,-,1.1-1.3,0.813,7.7
256,N. Bjelica,60,17.9,5.1,3.5,1.4,0.4,0.4,0.8,2.6,2.7,0.8,1.8-3.9,0.468,0.8-2.1,0.384,0.7-0.9,0.727,7.7
257,W. Johnson,80,20.8,6.9,3.1,0.6,1.1,0.7,0.7,2.2,2.6,0.5,2.6-6.4,0.404,1.3-3.9,0.333,0.4-0.6,0.652,7.7
258,C. Frye,70,17.1,6,3.3,1,0.4,0.4,0.6,1.8,2.8,0.5,2.2-5.0,0.435,1.3-3.4,0.384,0.4-0.5,0.857,7.7
259,K. Humphries,53,15.7,6.5,4.1,0.7,0.3,0.5,0.7,1.8,3,1.1,2.3-5.6,0.41,0.6-2.0,0.315,1.3-1.6,0.798,7.7
260,B. Weber,7,24.1,4.4,3.6,3,1.3,0.4,1.3,1.7,2.4,1.1,2.0-5.6,0.359,0.0-0.7,-,0.4-0.6,0.75,7.7
261,A. Roberson,70,22.2,4.8,3.6,0.7,0.8,0.6,0.5,1.9,2.5,1.1,1.9-3.9,0.496,0.5-1.5,0.311,0.5-0.8,0.611,7.7
262,G. Temple,80,24.4,7.3,2.7,1.8,0.9,0.2,0.8,2.4,2.2,0.5,2.5-6.3,0.398,1.1-3.2,0.346,1.1-1.6,0.728,7.7
263,D. McDermott,81,23,9.4,2.4,0.7,0.2,0.1,0.6,1.6,2,0.5,3.6-8.0,0.452,1.4-3.2,0.425,0.9-1.0,0.857,7.7
264,A. Nicholson,56,14.7,6.9,3.6,0.4,0.2,0.4,0.7,1.2,3,0.6,2.6-5.5,0.472,0.7-2.0,0.363,0.9-1.2,0.785,7.6
265,B. Jennings,48,18.1,6.9,2,3.6,0.6,0.1,1.2,1.2,1.7,0.3,2.3-6.3,0.37,1.1-3.2,0.329,1.2-1.6,0.731,7.6
266,K. Garnett,38,14.6,3.2,3.9,1.6,0.7,0.3,0.4,1.8,3.6,0.4,1.4-3.0,0.47,0.0-0.0,-,0.4-0.6,0.667,7.6
267,N. Stauskas,73,24.8,8.5,2.5,1.9,0.6,0.3,1.3,1.6,2.2,0.3,2.9-7.5,0.385,1.5-4.5,0.326,1.2-1.6,0.771,7.5
268,D. Dedmon,58,12.2,4.4,3.9,0.2,0.4,0.8,0.6,1.9,2.8,1.2,1.7-3.1,0.559,0.0-0.0,-,1.0-1.3,0.75,7.5
269,Q. Acy,59,14.8,5.2,3.2,0.5,0.5,0.4,0.5,1.7,2.1,1.1,2.0-3.6,0.556,0.3-0.8,0.388,0.8-1.2,0.735,7.4
270,K. O'Quinn,65,11.8,4.8,3.8,1.1,0.3,0.8,0.9,1.6,2.7,1.2,2.0-4.2,0.476,0.1-0.3,0.227,0.7-0.9,0.767,7.4
271,A. Rivers,67,21.8,8.9,1.9,1.5,0.7,0.1,0.9,2,1.6,0.3,3.4-7.7,0.438,0.9-2.8,0.335,1.2-1.7,0.681,7.3
272,L. Babbitt,47,18,7,3.1,1.1,0.2,0.1,0.5,1.9,2.6,0.5,2.6-6.1,0.422,0.9-2.3,0.404,0.8-1.1,0.78,7.3
273,K. Anderson,78,16,4.5,3.1,1.6,0.8,0.4,0.8,1.2,2.8,0.3,1.8-3.8,0.466,0.2-0.5,0.324,0.8-1.1,0.747,7.3
274,J. Richardson,52,21.3,6.6,2.1,1.4,0.7,0.5,0.7,2.1,1.7,0.4,2.4-5.2,0.452,1.0-2.2,0.461,0.8-1.2,0.667,7.3
275,J. Withey,51,12.9,4.3,3.4,0.4,0.4,1,0.5,1.5,2.3,1.1,1.7-3.2,0.537,0.0-0.0,-,0.8-1.2,0.729,7.2
276,M. Belinelli,68,24.6,10.2,1.7,1.9,0.5,0,1.2,1.3,1.6,0.1,3.6-9.3,0.386,1.3-4.4,0.306,1.7-2.0,0.833,7.2
277,M. Dunleavy,31,22.7,7.2,2.7,1.3,0.5,0.3,0.8,2.1,2.4,0.3,2.5-6.1,0.41,1.3-3.2,0.394,0.9-1.2,0.784,7.2
278,M. Williams,41,18.2,8.2,1.8,2.4,0.3,0.1,1.4,1.5,1.6,0.1,3.2-7.4,0.437,0.9-2.5,0.353,0.9-1.0,0.905,7.2
279,D. Cunningham,80,24.6,6.1,3,1,0.5,0.4,0.5,2.2,2.2,0.7,2.3-5.2,0.45,0.7-2.2,0.316,0.7-1.0,0.695,7.2
280,M. Speights,72,11.6,7.1,3.3,0.8,0.3,0.5,0.9,1.6,2.3,1.1,2.7-6.3,0.431,0.3-0.9,0.381,1.3-1.6,0.825,7.2
281,A. Gee,73,22.4,4.4,3.4,1,0.9,0.2,0.8,2.3,2.5,0.8,1.8-3.5,0.516,0.2-0.8,0.279,0.6-0.9,0.667,7.1
282,J. McGee,34,10.9,5.1,3.9,0.1,0.1,0.8,0.6,1.4,2.4,1.6,2.3-3.9,0.575,0.0-0.0,-,0.5-1.1,0.5,7.1
283,J. Ennis,22,14.9,7.2,1.9,1,0.7,0.2,0.9,1.3,1,1,2.5-5.1,0.478,1.2-2.6,0.448,1.1-1.5,0.735,7.1
284,M. Scott,75,15.4,6.2,2.7,1,0.3,0.2,0.6,1.4,2,0.7,2.3-5.0,0.468,0.8-2.1,0.392,0.7-0.8,0.794,7.1
285,T. Lyles,80,17.3,6.1,3.7,0.8,0.3,0.2,0.8,1.4,3,0.7,2.4-5.5,0.438,0.6-1.6,0.386,0.7-1.0,0.695,7
286,T. Robinson,71,12.9,4.3,5.1,0.6,0.5,0.5,1,1.6,3.1,1.9,1.8-4.1,0.447,0.0-0.0,-,0.7-1.5,0.431,7
287,C. Andersen,27,14.9,3.9,3.6,0.4,0.6,0.5,0.3,1.1,2.3,1.3,1.4-2.7,0.528,0.1-0.5,0.286,0.9-1.3,0.694,7
288,S. Mejri,33,12,3.8,3.7,0.3,0.2,1,0.7,1.6,2.5,1.2,1.5-2.4,0.628,0.0-0.0,-,0.8-1.4,0.587,6.9
289,T. Lawson,66,21.4,5.7,1.8,3.6,0.8,0.1,1.4,1.3,1.4,0.4,2.1-5.4,0.393,0.5-1.6,0.333,0.9-1.3,0.686,6.9
290,A. Goodwin,57,19.5,8.9,2.5,2.1,0.5,0.2,1.8,1.5,2,0.5,3.1-7.4,0.417,0.4-1.7,0.232,2.3-3.4,0.674,6.9
291,R. Holmes,51,13.8,5.6,2.6,0.6,0.4,0.8,0.6,1.8,1.4,1.2,2.2-4.4,0.514,0.2-0.9,0.182,1.0-1.5,0.689,6.9
292,L. Thomas,59,22.4,8.2,2.2,0.9,0.4,0.1,1,1.8,1.6,0.6,2.9-6.5,0.442,0.7-1.8,0.404,1.7-2.0,0.857,6.9
293,T. Frazier,51,14.5,5.1,2.2,3.2,0.6,0,1.3,1.4,1.6,0.5,1.9-4.5,0.417,0.3-0.9,0.333,1.0-1.5,0.716,6.8
294,E. Brand,17,13.2,4.1,3.7,1.1,0.5,0.5,0.6,1.9,3.2,0.5,1.8-4.2,0.431,0.0-0.1,-,0.5-0.5,0.889,6.8
295,G. Green,69,22.6,8.9,2.4,0.8,0.5,0.3,0.7,1.8,2,0.4,3.3-8.5,0.392,1.2-3.8,0.323,1.0-1.3,0.783,6.8
296,K. Martin,55,19.9,9.3,2,1.1,0.5,0.1,1,1.5,1.7,0.3,2.8-7.6,0.372,0.9-2.5,0.363,2.8-3.1,0.89,6.8
297,C. Brewer,82,20.4,7.2,2.4,1.3,1,0.2,1,2,1.9,0.5,2.6-6.7,0.384,0.7-2.7,0.271,1.3-1.7,0.75,6.7
298,J. Hickson,35,12.5,5.9,3.8,0.7,0.4,0.4,0.7,1.3,2.7,1.1,2.3-4.4,0.516,0.0-0.0,-,1.3-2.9,0.447,6.7
299,J. Smith,55,16,6,3.5,1.6,0.6,0.9,1.4,2.1,2.6,0.9,2.3-6.3,0.364,0.7-2.6,0.287,0.7-1.2,0.552,6.7
300,W. Ellington,76,21.2,7.7,2.3,1.1,0.6,0.1,0.6,1.1,2,0.3,2.9-7.4,0.389,1.3-3.5,0.358,0.7-0.8,0.857,6.6
301,B. Dejean-Jones,14,19.9,5.6,3.4,1.1,0.7,0.1,0.8,1.2,2.9,0.6,2.0-4.9,0.406,0.9-2.3,0.375,0.8-1.5,0.524,6.6
302,S. Curry,44,15.7,6.8,1.4,1.5,0.5,0.1,0.8,0.9,1.2,0.2,2.3-5.1,0.455,1.1-2.5,0.45,1.0-1.2,0.833,6.5
303,W. Reed,39,10.9,4.7,3.1,0.3,0.2,0.8,0.4,1.2,1.9,1.3,1.9-3.4,0.571,0.0-0.0,-,0.8-1.4,0.545,6.5
304,V. Carter,60,16.8,6.6,2.4,0.9,0.6,0.3,0.6,1.7,1.9,0.5,2.2-5.7,0.388,1.0-2.8,0.349,1.2-1.4,0.833,6.5
305,R. Price,62,19.5,5.3,1.6,2.4,1.2,0.2,1.1,2.6,1.2,0.4,1.9-4.9,0.384,1.1-3.1,0.349,0.5-0.7,0.756,6.4
306,B. McLemore,68,21.2,7.8,2.2,1.2,0.8,0.1,1.5,2.1,1.7,0.5,2.9-6.7,0.429,1.0-2.7,0.362,1.1-1.5,0.718,6.4
307,C. Felicio,31,10.3,3.4,3.3,0.8,0.2,0.4,0.4,1,2.3,1,1.3-2.3,0.556,0.0-0.1,-,0.8-1.1,0.714,6.4
308,J. Jerebko,78,15.1,4.4,3.7,0.8,0.3,0.3,0.7,1.8,2.7,1,1.5-3.7,0.413,0.6-1.4,0.398,0.8-1.0,0.782,6.4
309,T. Zeller,60,11.8,6.1,3,0.5,0.2,0.4,0.8,1.6,1.9,1,2.3-4.8,0.476,0.0-0.0,-,1.5-1.8,0.815,6.4
310,J. Martin,27,14.1,5.7,3.2,0.6,0.3,0.3,0.7,2.1,1.7,1.4,2.0-4.3,0.466,0.0-0.1,-,1.7-2.3,0.726,6.3
311,A. Tolliver,72,18.6,5.3,3.2,0.7,0.4,0.2,0.4,1.2,2.6,0.5,1.8-4.6,0.384,1.4-3.8,0.36,0.4-0.7,0.617,6.3
312,A. Brooks,69,16.1,7.1,1.5,2.6,0.4,0.1,1.2,1.9,1.2,0.3,2.7-6.8,0.4,1.0-2.7,0.357,0.7-0.9,0.766,6.3
313,M. Huertas,53,16.4,4.5,1.7,3.4,0.5,0.1,1.5,1.4,1.4,0.3,1.8-4.3,0.422,0.3-1.2,0.262,0.5-0.5,0.931,6.2
314,L. Barbosa,68,15.9,6.4,1.7,1.2,0.6,0.1,0.8,1.6,1.3,0.4,2.5-5.4,0.462,0.6-1.6,0.351,0.8-0.9,0.839,6.2
315,T. Black,39,12.7,3.4,4,0.4,0.4,0.5,0.6,2,2.9,1.1,1.5-2.7,0.543,0.0-0.0,-,0.5-1.2,0.422,6.2
316,S. Hill,59,14.7,4.2,2.8,1,0.6,0.2,0.6,1.2,2.2,0.7,1.6-3.5,0.447,0.4-1.2,0.329,0.6-0.7,0.857,6.2
317,T. Hardaway Jr.,51,16.9,6.4,1.7,1,0.4,0.1,0.5,0.9,1.5,0.1,2.2-5.2,0.432,0.9-2.8,0.34,1.0-1.1,0.893,6.1
318,M. Hezonja,79,17.9,6.1,2.2,1.4,0.5,0.2,1.2,1.6,1.9,0.4,2.3-5.3,0.433,0.8-2.4,0.349,0.6-0.7,0.907,6.1
319,C. Watson,33,19.9,4.3,2,2.7,0.6,0.2,0.8,1.5,1.7,0.3,1.4-4.2,0.343,0.4-1.5,0.292,1.0-1.2,0.872,6.1
320,D. Motiejunas,37,14.8,6.2,2.9,1.1,0.5,0.1,1.2,1.9,1.9,1,2.4-5.5,0.439,0.4-1.5,0.281,0.9-1.4,0.642,6
321,N. Powell,49,14.8,5.6,2.3,1,0.6,0.2,0.7,1.2,1.9,0.3,2.0-4.7,0.424,0.7-1.8,0.409,0.9-1.1,0.811,6
322,J. Grant,76,16.7,5.6,1.9,2.3,0.7,0.1,1.1,1.3,1.6,0.3,2.0-5.1,0.394,0.3-1.3,0.22,1.3-1.6,0.78,6
323,G. Vasquez,23,20,5.5,2,4,0.4,0,1.7,1.8,1.8,0.2,1.9-6.0,0.321,0.7-3.1,0.236,1.0-1.1,0.846,6
324,P. Pierce,68,18.1,6.1,2.7,1,0.5,0.3,0.9,1.9,2.6,0.2,2.1-5.8,0.363,1.1-3.6,0.31,0.8-1.0,0.818,5.9
325,X. Munford,14,17.4,5.7,2.2,1.6,0.9,0.2,1.1,1.8,2,0.2,2.3-5.5,0.416,0.6-1.6,0.391,0.5-1.0,0.5,5.9
326,S. Blake,58,17,4.4,1.5,3.4,0.4,0.1,1.4,1.2,1.4,0.2,1.6-4.1,0.388,0.9-2.6,0.344,0.3-0.3,0.8,5.9
327,R. Neto,81,18.5,5.9,1.5,2.1,0.8,0,1.3,1.5,1.3,0.2,2.2-5.2,0.431,0.8-2.0,0.395,0.6-0.9,0.743,5.8
328,J. Johnson,57,16.2,5,2.2,1.2,0.5,0.6,0.9,1.5,1.7,0.5,2.0-4.2,0.475,0.4-1.2,0.303,0.7-1.2,0.574,5.8
329,J. Simmons,55,14.8,6,1.7,1.1,0.4,0.1,1,1.9,1.4,0.3,2.2-4.4,0.506,0.3-0.9,0.383,1.3-1.7,0.75,5.8
330,M. Brown,62,15.8,5.9,2,1.5,0.6,0.2,0.9,1.5,1.6,0.4,2.0-5.2,0.394,0.6-2.0,0.314,1.1-1.5,0.755,5.8
331,S. Vujacic,61,14.9,4.9,2.4,1.4,0.6,0.1,0.7,1.4,2,0.4,1.7-4.5,0.383,0.9-2.3,0.364,0.5-0.6,0.821,5.7
332,C. McCullough,24,15.1,4.7,2.8,0.4,1.2,0.5,0.6,1.6,1.8,1,1.8-4.5,0.404,0.5-1.5,0.371,0.5-1.0,0.478,5.7
333,N. Vonleh,78,15,3.6,3.9,0.4,0.3,0.3,0.6,1.9,2.7,1.2,1.5-3.6,0.419,0.1-0.6,0.234,0.5-0.7,0.745,5.7
334,T. Snell,64,20.3,5.3,3.1,1,0.3,0.3,0.8,1.6,2.8,0.3,2.0-5.3,0.372,0.9-2.4,0.361,0.5-0.5,0.909,5.7
335,A. Williams,10,6.8,2.9,3.8,0.5,0.4,0.5,0.6,1.5,2.4,1.4,1.0-2.4,0.417,0.0-0.0,-,0.9-1.4,0.643,5.6
336,R. Foye,81,20.3,5.9,1.9,2,0.5,0.4,1.1,1.6,1.6,0.3,2.1-6.0,0.351,0.9-3.1,0.3,0.8-0.9,0.824,5.5
337,B. Udrih,44,16.1,4.7,1.6,2.6,0.3,0,1.2,1.2,1.5,0.2,2.0-4.5,0.437,0.3-1.0,0.341,0.4-0.5,0.9,5.5
338,B. Rush,72,14.6,4.2,2.5,0.8,0.3,0.3,0.5,0.8,2.2,0.3,1.5-3.6,0.427,0.9-2.2,0.414,0.3-0.4,0.643,5.5
339,R. Hollins,32,12.9,3.6,2.7,0.3,0.2,0.6,0.7,1.8,1.5,1.3,1.4-2.3,0.625,0.0-0.0,-,0.8-1.3,0.619,5.5
340,T. Jones,37,15.5,4.2,1.3,2.9,0.8,0.1,0.9,0.9,1.1,0.2,1.5-4.2,0.359,0.4-1.4,0.302,0.8-1.1,0.718,5.4
341,J. Thompson,47,10,3.1,2.8,0.6,0.3,0.4,0.3,1.7,2.1,0.7,1.1-2.3,0.481,0.1-0.3,0.333,0.8-1.1,0.704,5.4
342,R. Jefferson,74,17.9,5.5,1.7,0.8,0.4,0.2,0.6,1.7,1.5,0.2,1.9-4.2,0.458,0.9-2.3,0.382,0.8-1.2,0.667,5.4
343,J. McRoberts,42,14.2,3.6,2.5,1.9,0.4,0.2,0.7,1.6,2,0.5,1.3-3.5,0.372,0.3-1.2,0.245,0.7-1.0,0.7,5.4
344,P. Hairston,66,19.9,6.2,2.6,0.6,0.5,0.2,0.6,2.1,2.3,0.4,2.2-6.2,0.355,1.1-3.7,0.29,0.8-1.0,0.781,5.3
345,T. Ennis,46,14.2,4.5,1.6,2.1,0.5,0,1,1.4,1.3,0.3,1.8-4.1,0.449,0.3-0.8,0.333,0.5-0.7,0.735,5.3
346,A. Bargnani,46,13.8,6.6,2.1,0.4,0.1,0.2,0.6,1.3,1.5,0.6,2.8-6.0,0.457,0.1-0.3,0.2,1.0-1.2,0.825,5.3
347,J. Terry,72,17.5,5.9,1.1,1.4,0.7,0.1,0.7,1.3,0.9,0.2,2.1-5.2,0.402,1.3-3.6,0.356,0.4-0.5,0.818,5.3
348,C. Payne,57,12.2,5,1.5,1.9,0.6,0.1,0.8,1.4,1.3,0.2,2.0-4.9,0.41,0.6-1.9,0.324,0.3-0.4,0.792,5.3
349,J. Meeks,3,14.5,7.3,1.7,1,0,0,0.3,0.7,1.3,0.3,2.3-6.7,0.35,1.3-3.0,0.444,1.3-1.3,1,5.3
350,A. Miller,39,11.8,3.7,1.3,2.2,0.4,0,0.9,1.2,1,0.3,1.5-2.7,0.557,0.1-0.2,0.25,0.6-0.8,0.75,5.3
351,J. Sampson,73,15.9,5.1,2.6,0.6,0.3,0.5,1,1.9,2,0.6,1.9-4.4,0.44,0.2-0.9,0.222,1.1-1.7,0.656,5.2
352,R. Kelly,36,13.1,4.2,3.4,0.6,0.4,0.3,0.5,1.1,2.8,0.6,1.5-4.1,0.369,0.1-1.0,0.135,1.0-1.5,0.685,5.2
353,A. Anderson,13,14.8,5,2.1,1.1,0.3,0.1,0.2,1.9,2,0.1,1.6-4.5,0.356,0.9-2.8,0.324,0.8-1.2,0.733,5.2
354,J. Ingles,81,15.3,4.2,1.9,1.2,0.7,0,0.8,1.2,1.6,0.2,1.5-3.6,0.426,1.0-2.6,0.386,0.2-0.2,0.722,5.1
355,P. Prigioni,59,13.9,2.5,1.9,2.2,0.9,0,0.8,1.4,1.3,0.6,0.9-2.5,0.374,0.5-1.6,0.295,0.1-0.1,0.875,5.1
356,J. Anderson,55,11.8,3.8,2.4,0.5,0.3,0.5,0.4,0.8,2.1,0.3,1.3-3.2,0.403,0.4-1.5,0.265,0.8-1.0,0.8,5
357,C. Budinger,66,14.1,4.1,2.3,1,0.5,0.2,0.7,0.9,1.6,0.7,1.6-3.6,0.435,0.4-1.3,0.279,0.6-0.8,0.696,5
358,R. Christmas,1,6.1,4,1,0,0,0,0,1,0,1,2.0-2.0,1,0.0-0.0,-,0.0-0.0,-,5
359,C. Hayes,2,11.9,2,4,1,0,0,1.5,3,4,0,0.5-1.0,0.5,0.0-0.0,-,1.0-1.0,1,5
360,M. World Peace,35,16.9,5,2.5,0.8,0.6,0.3,0.4,1.9,2,0.5,1.6-5.1,0.311,0.7-2.4,0.31,1.1-1.6,0.702,4.9
361,N. Young,54,19.1,7.3,1.8,0.6,0.4,0.1,0.6,0.9,1.5,0.3,2.3-6.9,0.339,1.4-4.4,0.325,1.2-1.4,0.829,4.9
362,P. Pressey,23,12.3,3.3,1.3,3.2,0.8,0.2,1.4,1.2,1.2,0.1,1.3-3.3,0.39,0.2-0.7,0.235,0.6-1.1,0.52,4.9
363,K. Seraphin,48,11,3.9,2.6,1,0.2,0.8,0.9,1.4,2,0.6,1.8-4.3,0.41,0.0-0.0,-,0.4-0.5,0.826,4.9
364,K. Perkins,37,14.7,2.5,3.5,0.8,0.3,0.3,1.1,1.7,2.8,0.7,1.1-2.0,0.533,0.0-0.0,-,0.3-0.7,0.44,4.9
365,T. Daniels,43,11.1,5.6,1.3,0.5,0.3,0.1,0.6,0.9,1.2,0.2,2.1-4.3,0.476,1.4-2.8,0.484,0.1-0.2,0.556,4.8
366,C. Villanueva,61,10.9,5.2,2.5,0.4,0.3,0.2,0.5,1.2,2.1,0.4,2.0-5.4,0.381,0.8-2.8,0.272,0.4-0.4,0.917,4.8
367,J. Holiday,53,14.6,4.5,1.7,1.1,0.6,0.4,0.7,1.2,1.5,0.2,1.7-4.3,0.386,0.7-2.0,0.343,0.5-0.7,0.73,4.7
368,R. Sacre,25,12.8,3.5,2.9,0.6,0.2,0.4,0.5,1.7,1.6,1.3,1.2-3.0,0.413,0.0-0.0,-,1.0-1.5,0.658,4.7
369,M. Muscala,59,9.6,3.3,2,0.6,0.2,0.5,0.5,1.2,1.3,0.6,1.3-2.6,0.5,0.2-0.7,0.308,0.5-0.7,0.795,4.7
370,R. Bullock,37,11.6,3.3,1.8,0.7,0.3,0.1,0.2,0.8,1.5,0.4,1.2-2.6,0.439,0.6-1.4,0.415,0.4-0.4,0.933,4.5
371,N. Collison,59,11.9,2.1,2.9,0.9,0.3,0.3,0.8,1.8,1.7,1.2,0.8-1.8,0.459,0.0-0.0,-,0.4-0.6,0.697,4.4
372,M. Harrell,39,9.7,3.6,1.7,0.4,0.3,0.3,0.4,1.2,1,0.6,1.5-2.3,0.644,0.0-0.0,-,0.6-1.2,0.522,4.4
373,T. Prince,77,19,2.9,1.9,0.9,0.5,0.2,0.4,0.8,1.5,0.4,1.3-3.0,0.445,0.1-0.3,0.174,0.2-0.2,0.684,4.3
374,C. Wood,17,8.5,3.6,2.2,0.2,0.3,0.4,0.1,0.6,1.5,0.8,1.3-3.1,0.415,0.2-0.6,0.364,0.8-1.2,0.619,4.3
375,A. Varejao,53,9.4,2.6,2.7,0.7,0.3,0.2,0.4,1.3,2,0.7,1.0-2.3,0.427,0.0-0.0,-,0.6-0.9,0.64,4.3
376,L. Mbah A Moute,74,17.2,3.1,2.3,0.4,0.6,0.3,0.5,1.4,1.5,0.8,1.3-2.8,0.454,0.2-0.5,0.325,0.4-0.8,0.526,4.3
377,D. Wright,27,8.5,3.8,1.4,1.1,0.3,0.1,0.6,0.3,1.1,0.3,1.3-3.0,0.444,0.2-0.5,0.385,1.0-1.3,0.743,4.1
378,A. Brown,29,20.6,4,2.4,0.7,0.5,0.2,0.5,1.2,2.1,0.3,1.3-4.3,0.31,0.7-2.4,0.286,0.6-0.7,0.85,4.1
379,A. Stepheson,8,9,2.8,3.5,0.3,0.1,0.6,0,1.5,1.1,2.4,1.1-3.4,0.333,0.0-0.0,-,0.5-1.5,0.333,4
380,D. Dukan,1,24.2,6,4,1,1,0,0,2,2,2,2.0-10.0,0.2,2.0-5.0,0.4,0.0-0.0,-,4
381,K. Hinrich,46,13.7,3,1.5,1.6,0.3,0,0.7,1.4,1.3,0.2,1.1-2.8,0.38,0.5-1.3,0.387,0.3-0.3,0.938,4
382,J. O'Bryant,66,13,3,2.7,0.5,0.3,0.1,0.5,1.5,1.7,1,1.3-3.2,0.411,0.0-0.0,1,0.4-0.6,0.675,4
383,C. Jefferson,6,8.3,3.7,2.7,0,0,0.2,0,1.3,1.7,1,1.5-3.7,0.409,0.0-0.2,-,0.7-1.0,0.667,4
384,A. Morrow,68,13.6,5.6,0.9,0.4,0.3,0.1,0.3,0.9,0.8,0.1,2.0-4.9,0.408,1.2-3.0,0.385,0.4-0.6,0.744,4
385,C. Butler,17,10.3,3.7,1.3,0.6,0.5,0.1,0.2,1.1,1,0.3,1.5-3.5,0.424,0.2-1.1,0.167,0.6-0.7,0.833,3.9
386,G. Robinson,45,11.3,3.8,1.5,0.6,0.4,0.2,0.4,0.5,1.2,0.3,1.4-3.4,0.43,0.3-0.8,0.378,0.6-0.9,0.692,3.9
387,K. Oubre,63,10.7,3.7,2.1,0.2,0.3,0.1,0.5,1.6,1.7,0.4,1.4-3.3,0.427,0.4-1.3,0.316,0.5-0.8,0.633,3.8
388,L. Nogueira,29,7.7,2.2,1.6,0.2,0.4,0.4,0.4,1,1,0.6,1.0-1.5,0.636,0.0-0.1,0.333,0.3-0.5,0.533,3.8
389,B. Roberts,51,9.2,4,0.8,1.1,0.2,0,0.5,0.7,0.7,0.1,1.5-3.2,0.448,0.3-0.8,0.357,0.8-0.9,0.894,3.8
390,A. Toupane,21,14.5,3.6,1.5,0.7,0.3,0.3,0.3,1.9,1.1,0.4,1.2-3.3,0.357,0.6-1.9,0.325,0.6-0.8,0.765,3.8
391,S. Dinwiddie,12,13.3,4.8,1.4,1.8,0.3,0,0.6,1.7,1.1,0.3,1.6-4.4,0.358,0.1-0.8,0.1,1.6-2.8,0.576,3.8
392,C. Johnson,70,12.2,2.9,1.9,0.6,0.5,0.3,0.6,1.4,1.5,0.4,1.0-2.8,0.371,0.4-1.4,0.273,0.5-0.6,0.81,3.8
393,K. Singler,68,14.4,3.4,2.1,0.4,0.4,0.1,0.5,1.8,1.3,0.7,1.3-3.3,0.389,0.4-1.4,0.309,0.4-0.6,0.659,3.7
394,J. McRae,22,8.9,4.5,0.9,1.1,0.1,0,0.7,0.8,0.7,0.2,1.5-3.5,0.436,0.5-1.0,0.455,1.0-1.3,0.75,3.7
395,J. Jenkins,43,11.2,4.1,1.3,0.8,0.2,0,0.6,0.5,1.1,0.2,1.7-3.7,0.444,0.4-1.2,0.314,0.5-0.6,0.833,3.7
396,D. Gooden,30,10.2,2.7,2.8,0.4,0.3,0.4,0.4,1.3,1.9,0.9,1.1-3.4,0.32,0.2-1.4,0.171,0.3-0.5,0.643,3.7
397,R. Butler,46,9.4,2.7,1.2,0.5,0.3,0.5,0.2,0.2,1.2,0.1,1.1-2.3,0.467,0.3-1.1,0.306,0.2-0.3,0.688,3.7
398,G. Smith,18,10.7,2.4,2.3,0.3,0.2,0.1,0.4,1.6,1.7,0.7,1.0-1.8,0.563,0.0-0.0,-,0.4-0.9,0.412,3.6
399,K. Marshall,30,13.3,3.7,0.9,2.4,0.5,0.1,1.4,1,0.9,0.1,1.4-3.9,0.364,0.5-1.6,0.327,0.3-0.4,0.692,3.6
400,I. Clark,66,8.8,3.6,1,1,0.3,0.2,0.7,0.9,0.8,0.2,1.3-3.1,0.441,0.5-1.3,0.357,0.4-0.5,0.824,3.6
401,J. Evans,30,8.4,2.4,1.8,0.1,0.2,0.3,0.2,0.6,1.4,0.4,0.9-1.6,0.542,0.1-0.5,0.25,0.5-0.7,0.714,3.6
402,N. Pekovic,12,13,4.5,1.8,0.9,0.1,0,0.8,1.8,1.2,0.6,1.6-4.2,0.38,0.0-0.0,-,1.3-1.7,0.8,3.6
403,J. Anderson,51,14.1,3.5,1.7,0.8,0.4,0.3,0.8,1.1,1.4,0.3,1.3-3.5,0.376,0.5-1.7,0.267,0.4-0.6,0.759,3.5
404,W. Tavares,11,6.3,2.3,1.9,0.3,0.1,0.5,0.5,0.7,1.3,0.6,1.0-1.7,0.579,0.0-0.0,-,0.3-0.7,0.375,3.5
405,J. Adams,2,7.3,3.5,1,1.5,1.5,0,1,1,1,0,1.0-3.0,0.333,0.0-0.5,-,1.5-2.5,0.6,3.5
406,R. McCallum,41,11.6,3.3,1.1,1.5,0.3,0.2,0.6,0.7,1,0.2,1.3-3.6,0.377,0.4-1.0,0.357,0.3-0.4,0.8,3.5
407,J. Jones,48,9.7,3.8,1,0.3,0.2,0.2,0.3,1,0.9,0.2,1.2-3.0,0.413,0.9-2.2,0.394,0.4-0.5,0.808,3.4
408,S. Napier,55,10.9,3.7,1,1.8,0.4,0,0.8,0.7,0.8,0.2,1.2-3.7,0.338,0.6-1.9,0.327,0.6-0.8,0.733,3.4
409,J. Young,41,9.4,3.8,1.2,1.6,0.4,0,0.8,0.7,1.1,0.1,1.5-4.1,0.365,0.2-1.1,0.217,0.5-0.6,0.8,3.4
410,S. Karasev,40,10,2.4,1.5,0.9,0.2,0.1,0.6,0.7,1.3,0.2,0.8-1.9,0.405,0.3-0.9,0.297,0.7-0.7,0.929,3.3
411,D. Hilliard,38,10.1,4,1.2,0.7,0.2,0,0.5,0.7,1.1,0.1,1.4-3.5,0.394,0.5-1.3,0.38,0.8-1.1,0.725,3.2
412,T. Hansbrough,44,7.8,2.4,2,0.2,0.3,0.2,0.3,1.3,1.1,0.9,0.7-1.6,0.451,0.0-0.1,0.667,0.9-1.5,0.585,3.2
413,J. McAdoo,41,6.4,2.9,1.4,0.4,0.2,0.2,0.4,1,0.7,0.7,1.1-2.0,0.536,0.0-0.0,0.5,0.6-1.2,0.531,3.2
414,J. Guttierez,12,5.3,1.8,0.6,1.4,0.3,0,0.5,0.3,0.6,0,0.5-0.9,0.545,0.0-0.2,-,0.8-0.9,0.909,3.1
415,A. Payne,52,9.3,2.5,2.2,0.6,0.3,0.2,0.7,1.5,1.8,0.4,1.0-2.8,0.366,0.2-0.6,0.281,0.3-0.5,0.654,3.1
416,C. Kaman,16,7,2.8,1.5,0.7,0.1,0.1,0.5,0.9,1.1,0.4,1.3-2.7,0.465,0.1-0.3,0.25,0.2-0.2,1,3.1
417,K. Looney,5,4.1,1.8,2,0,0,0,0.2,0.4,1.2,0.8,0.8-1.4,0.571,0.2-0.4,0.5,0.0-0.0,-,3
418,T. Antetokounmpo,2,3.1,3,0.5,0,0,0,0,1,0.5,0,1.5-2.0,0.75,0.0-0.5,-,0.0-0.0,-,3
419,L. Patterson,35,11.4,2.4,1.4,1.1,0.3,0.1,0.7,1.3,1.3,0.1,0.8-2.3,0.35,0.3-1.4,0.245,0.5-0.6,0.727,2.9
420,E. Millsap,20,8.6,1.8,1.8,1,0.4,0.2,0.5,1.7,1.5,0.3,0.6-2.0,0.282,0.1-0.6,0.083,0.7-0.9,0.722,2.9
421,M. Bonner,30,6.9,2.5,0.9,0.3,0.2,0,0.1,0.5,0.8,0.1,1.0-1.9,0.5,0.5-1.2,0.429,0.1-0.1,0.75,2.9
422,U. Haslem,37,7,1.6,2,0.4,0.1,0.1,0.1,0.7,1.8,0.3,0.6-1.6,0.377,0.0-0.2,0.111,0.3-0.4,0.75,2.9
423,R. Hollins,5,9.6,1.6,2.2,0,0,0.2,0.6,0.8,0.8,1.4,0.8-1.4,0.571,0.0-0.0,-,0.0-0.0,-,2.8
424,T. Wroten,8,18,8.4,2.6,2.5,0.4,0,3.6,1.4,2.4,0.3,2.8-8.1,0.338,0.4-2.1,0.176,2.5-4.6,0.541,2.8
425,K. Papanikoloaou,26,11.3,2.6,1.5,0.6,0.5,0.2,0.8,0.9,1.2,0.3,0.9-2.5,0.364,0.4-1.2,0.313,0.3-0.5,0.643,2.8
426,D. Blair,29,7.5,2.1,2,0.4,0.3,0.1,0.5,1.8,1.3,0.7,1.0-2.3,0.412,0.0-0.0,-,0.2-0.4,0.385,2.6
427,C. Wilcox,23,7.3,3,0.5,0.4,0.4,0.1,0.1,0.7,0.5,0,1.1-2.9,0.394,0.4-1.0,0.391,0.4-0.5,0.75,2.6
428,J. Huestis,5,11,2.8,2,0,0.2,0.4,0.6,0.6,1.6,0.4,1.0-2.4,0.417,0.8-1.2,0.667,0.0-0.8,-,2.6
429,J. Ayres,17,6.3,1.8,1.3,0.3,0,0.2,0.4,1.1,1.1,0.2,0.7-1.4,0.522,0.0-0.1,-,0.4-0.4,1,2.5
430,M. Miller,46,8.1,1.4,1.2,0.9,0.3,0.1,0.4,1.2,1,0.1,0.5-1.3,0.355,0.4-1.1,0.365,0.0-0.0,-,2.5
431,S. Weems,36,11.7,2.5,1.1,1.3,0.3,0,1,1.1,1,0.2,1.0-2.5,0.389,0.4-0.9,0.394,0.2-0.4,0.538,2.5
432,R. Hunter,36,8.7,2.7,1,0.4,0.4,0.1,0.3,0.8,1,0.1,1.0-2.7,0.367,0.5-1.8,0.302,0.2-0.2,0.857,2.5
433,D. Inglis,20,7.8,1.8,1.6,0.5,0.3,0.2,0.6,0.6,1.5,0.1,0.7-1.9,0.351,0.2-0.7,0.231,0.4-0.4,0.875,2.5
434,R. Vaughn,70,14.3,3.1,1.3,0.5,0.4,0.2,0.4,1,1.1,0.2,1.2-3.8,0.308,0.6-2.1,0.299,0.2-0.2,0.8,2.5
435,J. Anthony,19,5,0.9,1.1,0.1,0.1,0.6,0.1,0.8,0.7,0.4,0.3-0.5,0.6,0.0-0.0,-,0.3-0.4,0.75,2.4
436,K. McDaniels,37,6.4,2.4,1.1,0.3,0.2,0.2,0.5,0.8,0.7,0.4,0.8-1.9,0.403,0.2-0.7,0.28,0.6-0.8,0.8,2.4
437,O. Johnson,7,14.5,3.7,2.1,0.3,0.4,0.4,0.6,1.3,1.6,0.6,1.3-5.0,0.257,0.3-1.6,0.182,0.9-1.1,0.75,2.4
438,S. Whittington,7,5.8,1.6,1.7,0.4,0.1,0.1,0.7,1,1,0.7,0.7-1.6,0.455,0.0-0.3,-,0.1-0.3,0.5,2.3
439,C. Bairstow,18,5.7,1.9,1.6,0.3,0.1,0.2,0.2,1.1,1.3,0.2,0.7-2.2,0.325,0.1-0.3,0.2,0.4-0.4,0.875,2.3
440,L. Amundson,29,7,1.8,1.7,0.4,0.2,0.2,0.5,1.5,0.9,0.8,0.7-1.8,0.358,0.0-0.0,-,0.5-0.9,0.519,2.2
441,T. Rozier,39,8,1.8,1.6,0.9,0.2,0,0.5,0.6,1,0.6,0.7-2.7,0.274,0.2-0.7,0.222,0.2-0.3,0.8,2.1
442,A. Goudelock,8,6.2,2.8,0.3,0.5,0.8,0.3,0.9,0.5,0.1,0.1,1.1-2.5,0.45,0.1-1.1,0.111,0.4-0.5,0.75,2.1
443,N. Robinson,2,11.7,0,0,2,0.5,0,0,2.5,0,0,0.0-0.5,-,0.0-0.5,-,0.0-0.0,-,2
444,E. Moreland,8,5.9,1,1.4,0.1,0,0.5,0.4,0.5,1,0.4,0.4-0.8,0.5,0.0-0.0,-,0.3-0.5,0.5,2
445,J. Eddie,26,5.6,2.4,0.9,0.2,0.2,0,0,0.2,0.8,0.1,0.8-2.5,0.308,0.6-1.8,0.319,0.3-0.3,1,2
446,D. Marble,28,8.9,2.1,1.4,0.4,0.5,0,0.3,0.9,1.1,0.2,0.8-2.5,0.296,0.3-1.1,0.25,0.4-0.9,0.417,1.9
447,L. Brown,8,7.6,2.5,0.9,1.4,0.4,0.1,1.1,0.5,0.9,0,1.0-3.1,0.32,0.1-1.0,0.125,0.4-0.5,0.75,1.9
448,J. Cunningham,44,9.3,2.7,0.9,0.5,0.3,0,0.5,0.9,0.8,0.1,0.8-2.4,0.343,0.3-0.9,0.308,0.8-1.3,0.655,1.9
449,S. Novak,10,4.4,2.4,0.5,0,0,0,0.1,0.3,0.5,0,0.8-1.8,0.444,0.7-1.5,0.467,0.1-0.1,1,1.8
450,D. Rudez,33,8.4,2.3,0.6,0.3,0.1,0,0.4,1,0.5,0.2,0.8-1.9,0.403,0.5-1.5,0.34,0.2-0.2,1,1.8
451,C. Early,17,9,1.8,1.5,0.4,0.1,0.2,0.5,0.9,1.3,0.2,0.7-2.4,0.3,0.2-0.9,0.267,0.2-0.2,0.75,1.8
452,T. Pleiss,12,6.8,2,1.3,0.2,0.1,0.2,0.7,1.6,0.8,0.5,0.9-2.1,0.44,0.0-0.2,-,0.2-0.2,1,1.8
453,S. Weems,7,11.1,2.4,1.7,0.3,0,0,0.6,1,1.6,0.1,1.0-3.0,0.333,0.3-1.3,0.222,0.1-0.3,0.5,1.7
454,A. Bennett,19,4.4,1.5,1.2,0,0.3,0,0.2,0.4,0.9,0.3,0.4-1.4,0.308,0.2-0.7,0.214,0.5-0.5,0.9,1.7
455,E. Green,9,4.7,1.4,0.7,0.3,0.1,0,0,0.4,0.3,0.3,0.6-1.4,0.385,0.1-0.6,0.2,0.2-0.2,1,1.7
456,C. Alexander,8,4.5,1.3,0.8,0,0.1,0.3,0.1,0.1,0.5,0.3,0.6-1.3,0.5,0.0-0.0,-,0.0-0.0,-,1.6
457,J. Mickey,16,3.6,1.3,0.8,0.1,0,0.7,0.1,0.3,0.4,0.4,0.5-1.4,0.364,0.0-0.0,-,0.3-0.6,0.5,1.6
458,S. Kaun,25,3.8,0.9,1,0.1,0.2,0.2,0.3,0.4,0.6,0.5,0.4-0.7,0.529,0.0-0.0,-,0.2-0.4,0.455,1.6
459,R. Smith,15,4.4,1.5,0.6,0.7,0.3,0.1,0.5,0.3,0.5,0.1,0.5-1.5,0.318,0.1-0.3,0.2,0.5-0.9,0.615,1.5
460,N. Mohammed,5,3.9,1.6,0.8,0,0,0,0.6,0.8,0.6,0.2,0.6-1.0,0.6,0.0-0.0,-,0.4-0.4,1,1.4
461,E. Williams,5,9,1.6,0.8,0.8,0.2,0,0.2,0.4,0.6,0.2,0.4-2.0,0.2,0.2-0.8,0.25,0.6-0.8,0.75,1.4
462,J. Stokes,7,2.7,1,0.6,0.1,0.1,0,0,0.1,0.4,0.1,0.4-0.7,0.6,0.0-0.0,-,0.1-0.3,0.5,1.4
463,C. Clarke,3,1.9,2,0.3,0,0,0,0.3,0,0.3,0,0.7-1.3,0.5,0.7-0.7,1,0.0-0.0,-,1.3
464,M. McGary,20,3.6,1.3,0.9,0.2,0.1,0.1,0.4,0.5,0.7,0.2,0.6-1.2,0.478,0.0-0.2,-,0.2-0.5,0.4,1.3
465,J. Young,29,6.9,1,0.9,0.3,0.2,0,0.2,0.6,0.8,0.1,0.4-1.2,0.306,0.2-0.9,0.231,0.0-0.1,0.25,1.3
466,C. Copeland,24,6.5,2.1,0.4,0.5,0.1,0,0.3,0.7,0.4,0,0.7-2.1,0.333,0.4-1.5,0.278,0.3-0.3,0.857,1.3
467,B. Dawson,6,4.8,0.8,0.7,0,0,0.2,0,0.3,0.3,0.3,0.3-0.8,0.4,0.0-0.0,-,0.2-0.2,1,1.2
468,J. Harper,5,7,2.6,0.2,0,0.2,0,0.4,0.6,0.2,0,0.8-2.0,0.4,0.8-1.8,0.444,0.2-0.4,0.5,1.2
469,P. Connaughton,34,4.2,1.1,0.9,0.3,0.1,0,0.3,0.2,0.6,0.3,0.4-1.4,0.265,0.1-0.6,0.238,0.1-0.1,1,1
470,J. Harris,5,3,0.6,0.6,0.4,0,0,0.2,0.2,0.6,0,0.2-0.8,0.25,0.2-0.8,0.25,0.0-0.0,-,0.8
471,A. Harrison,21,4.4,0.9,0.7,0.1,0.3,0,0.2,0.5,0.5,0.2,0.2-0.9,0.263,0.1-0.5,0.3,0.2-0.6,0.417,0.8
472,S. Dekker,3,2.1,0,0.3,0,0.3,0,0,0,0.3,0,0.0-0.0,-,0.0-0.0,-,0.0-0.0,-,0.7
473,J. Fredette,6,2.9,1.5,0,0,0.2,0,0.3,0.3,0,0,0.3-0.8,0.4,0.2-0.3,0.5,0.7-0.8,0.8,0.7
474,J. O'Brien,2,3.1,0,0.5,0,0.5,0,0,0.5,0.5,0,0.0-0.5,-,0.0-0.0,-,0.0-0.0,-,0.5
475,B. Cotton,8,4.8,1,0,0.4,0.4,0,0.6,0.3,0,0,0.5-1.3,0.4,0.0-0.4,-,0.0-0.0,-,0.4
476,L. Montero,12,3.5,1.2,0.3,0.1,0,0,0.3,0.1,0.3,0,0.4-1.6,0.263,0.1-0.8,0.111,0.3-0.3,0.75,0
477,K. Appling,5,5.4,1.2,0.2,0.2,0.2,0,0.6,1,0.2,0,0.4-1.6,0.25,0.0-0.6,-,0.4-0.4,1,0
478,B. Caboclo,6,7.1,0.5,0.3,0.2,0.3,0.2,0.7,0.3,0.2,0.2,0.2-2.0,0.083,0.2-1.2,0.143,0.0-0.0,-,-1
