"","Date","Atlanta Hawks","Boston Celtics","Brooklyn Nets","Charlotte Hornets","Chicago Bulls","Cleveland Cavaliers","Dallas Mavericks","Denver Nuggets","Detroit Pistons","Golden State Warriors","Houston Rockets","Indiana Pacers","Los Angeles Clippers","Los Angeles Lakers","Memphis Grizzlies","Miami Heat","Milwaukee Bucks","Minnesota Timberwolves","New Orleans Pelicans","New York Knicks","Oklahoma City Thunder","Orlando Magic","Philadelphia 76ers","Phoenix Suns","Portland Trail Blazers","Sacramento Kings","San Antonio Spurs","Toronto Raptors","Utah Jazz","Washington Wizards"
"1","Initial",1859.25611847805,1737.0483496695,942.478313860533,1780.75818680401,1354.1271482869,2244.01252390866,1496.95201532077,1167.14717364827,1488.69630764954,2626.90393860134,1580.34854118016,1611.08551535009,2000.12625912959,708.216319929467,1469.29090885162,1576.54869143941,1143.99506238634,985.445909086466,1247.60988127454,1049.2061142005,2050.54497493148,1190.84374911834,637.320874394849,1050.90612397589,1533.22401409121,1216.36505571047,2427.39630242956,1854.16972208967,1661.33445512674,1450.86229907604
"2","Tue, Oct 25, 2016",1859.25611847805,1737.0483496695,942.478313860533,1780.75818680401,1354.1271482869,2264.94866969664,1496.95201532077,1167.14717364827,1488.69630764954,2614.68004274305,1580.34854118016,1611.08551535009,2000.12625912959,708.216319929467,1469.29090885162,1576.54869143941,1143.99506238634,985.445909086466,1247.60988127454,1028.26996841252,2050.54497493148,1190.84374911834,637.320874394849,1050.90612397589,1540.92902915187,1216.36505571047,2439.62019828784,1854.16972208967,1653.62944006608,1450.86229907604
"3","Wed, Oct 26, 2016",1859.25611847805,1745.16828594924,934.358377580798,1794.98440515027,1354.1271482869,2264.94866969664,1486.00599020604,1172.95728471588,1468.91376788196,2614.68004274305,1579.89224560089,1622.03154046482,2000.12625912959,708.67261550873,1477.4114839421,1592.59151996958,1129.76884404007,977.325333995989,1241.79977020693,1028.26996841252,2057.80165188214,1174.80092058817,630.064197444188,1030.75859824426,1540.92902915187,1236.51258144211,2439.62019828784,1873.95226185725,1653.62944006608,1450.86229907604
"4","Thu, Oct 27, 2016",1876.73261002581,1742.74181846576,934.358377580798,1794.98440515027,1356.55361577038,2264.94866969664,1486.00599020604,1172.95728471588,1468.91376788196,2614.68004274305,1579.89224560089,1622.03154046482,2012.52454303135,708.67261550873,1477.4114839421,1592.59151996958,1129.76884404007,977.325333995989,1241.79977020693,1028.26996841252,2057.80165188214,1174.80092058817,630.064197444188,1030.75859824426,1528.53074525011,1227.26879491826,2448.8639848117,1873.95226185725,1653.62944006608,1433.38580752828
"5","Fri, Oct 28, 2016",1876.73261002581,1742.74181846576,935.344382273038,1805.13022938751,1356.55361577038,2272.65423073597,1475.33288179907,1172.95728471588,1494.23759547432,2623.33079582751,1590.56535400786,1621.04553577258,2012.52454303135,699.547823893597,1477.4114839421,1582.44569573234,1129.76884404007,977.325333995989,1233.14901712248,1028.26996841252,2063.66558367045,1149.47709299581,630.064197444188,1024.89466645594,1528.53074525011,1227.26879491826,2448.8639848117,1866.24670081792,1662.75423168121,1433.38580752828
"6","Sat, Oct 29, 2016",1899.66453223456,1749.43477897849,929.448251299733,1798.43726887478,1363.9595007153,2280.45867922861,1475.33288179907,1166.29418767081,1494.23759547432,2623.33079582751,1590.56535400786,1613.63965082766,2012.52454303135,699.547823893597,1475.30847862718,1582.44569573234,1135.66497501337,970.264596160891,1217.75996283877,1030.37297372744,2063.66558367045,1141.67264450317,607.132275235441,1024.89466645594,1535.19384229518,1234.32953275335,2464.2530390954,1866.24670081792,1662.75423168121,1433.38580752828
"7","Sun, Oct 30, 2016",1899.66453223456,1749.43477897849,929.448251299733,1798.43726887478,1363.9595007153,2280.45867922861,1470.78122368147,1166.29418767081,1511.71858034017,2630.11693007956,1595.11701212547,1613.63965082766,2028.42289173934,686.061138022909,1485.09950100449,1572.64115237723,1118.18399014752,970.264596160891,1217.75996283877,1030.37297372744,2077.15226954113,1141.67264450317,607.132275235441,1018.10853220389,1535.19384229518,1234.32953275335,2474.05758245052,1866.24670081792,1646.85588297322,1423.59478515097
"8","Mon, Oct 31, 2016",1913.03375702813,1749.43477897849,899.456923710217,1798.43726887478,1393.95082830481,2280.45867922861,1470.78122368147,1159.59536061779,1511.71858034017,2630.11693007956,1595.11701212547,1613.63965082766,2044.50681772585,686.061138022909,1485.09950100449,1572.64115237723,1118.18399014752,970.264596160891,1217.75996283877,1030.37297372744,2077.15226954113,1141.67264450317,607.132275235441,1002.02460621738,1535.19384229518,1220.96030795978,2474.05758245052,1872.94552787094,1646.85588297322,1423.59478515097
"9","Tue, Nov 1, 2016",1913.03375702813,1749.43477897849,899.456923710217,1798.43726887478,1393.95082830481,2291.39907189284,1470.78122368147,1159.59536061779,1527.45953169232,2649.34494045132,1584.17661946124,1622.82988669223,2044.50681772585,676.870902158341,1480.27010234657,1587.74199197271,1123.13850948463,975.093994818811,1212.80544350167,1014.63202237529,2077.15226954113,1148.14343672146,600.661483017157,1002.02460621738,1515.96583192341,1205.8594683643,2473.38264802106,1872.94552787094,1647.53081740268,1423.59478515097
"10","Wed, Nov 2, 2016",1911.80044610442,1760.35564501675,900.596605388041,1812.2182694916,1383.02996226655,2291.39907189284,1453.87325386658,1159.59536061779,1526.31985001449,2649.34494045132,1605.10760782584,1622.82988669223,2039.35677741049,678.104213082048,1490.11148551183,1587.74199197271,1123.13850948463,975.093994818811,1202.9640603364,993.701034010686,2082.3023098565,1148.14343672146,586.880482400331,1003.10872279595,1514.88171534484,1205.8594683643,2473.38264802106,1887.14371142356,1664.43878721757,1409.39660159835
"11","Thu, Nov 3, 2016",1911.80044610442,1750.54010797725,900.596605388041,1812.2182694916,1383.02996226655,2301.21460893235,1453.87325386658,1166.8353578432,1526.31985001449,2674.11187175374,1605.10760782584,1619.70736894588,2039.35677741049,678.104213082048,1490.11148551183,1587.74199197271,1126.26102723098,967.853997593399,1202.9640603364,993.701034010686,2057.53537855409,1156.82338801191,586.880482400331,1003.10872279595,1514.88171534484,1197.17951707384,2473.38264802106,1887.14371142356,1664.43878721757,1409.39660159835
"12","Fri, Nov 4, 2016",1910.66636649884,1750.54010797725,893.320494655774,1819.49438022387,1379.60915651271,2301.21460893235,1442.25884534024,1166.8353578432,1526.31985001449,2674.11236704781,1605.10760782584,1619.70736894588,2054.03508123552,678.103717787977,1475.4331816868,1575.22242534542,1126.26102723098,967.853997593399,1200.65081710228,997.121839764531,2057.53537855409,1156.82338801191,586.880482400331,1005.42196603007,1526.49612387117,1197.17951707384,2488.85255980705,1899.66327805086,1648.96887543158,1410.53068120393
"13","Sat, Nov 5, 2016",1928.01000271442,1750.54010797725,893.320494655774,1819.49438022387,1361.20121268351,2304.62321723267,1442.25884534024,1147.81597854276,1545.33922931494,2674.11236704781,1587.76397161025,1638.11531277508,2058.3553311544,678.103717787977,1475.4331816868,1575.22242534542,1144.50332344555,951.100360089298,1200.65081710228,997.121839764531,2074.28901605819,1159.36248931231,583.471874100009,1005.42196603007,1526.49612387117,1178.93722085928,2484.53230988817,1899.66327805086,1648.96887543158,1407.99157990354
"14","Sun, Nov 6, 2016",1928.01000271442,1748.9007713446,893.320494655774,1819.49438022387,1361.20121268351,2304.62321723267,1456.41530674109,1149.45531517541,1545.33922931494,2674.11236704781,1587.76397161025,1638.11531277508,2058.3553311544,682.517588167214,1466.91985231482,1575.22242534542,1130.34686204469,951.100360089298,1200.65081710228,988.083200996536,2074.28901605819,1159.36248931231,583.471874100009,1001.00809565083,1535.00945324315,1179.45370169483,2484.53230988817,1899.1467972153,1658.00751419958,1407.99157990354
"15","Mon, Nov 7, 2016",1928.01000271442,1748.9007713446,893.320494655774,1840.63748865811,1389.32381548017,2304.62321723267,1456.41530674109,1149.45531517541,1516.10923518279,2683.29911035843,1599.4777610509,1616.97220434084,2087.58532528655,682.517588167214,1466.91985231482,1560.33174814015,1130.34686204469,951.100360089298,1191.46407379167,988.083200996536,2089.17969326345,1131.23988651564,562.895177275785,1001.00809565083,1535.00945324315,1179.45370169483,2484.53230988817,1899.1467972153,1678.5842110238,1396.27779046289
"16","Tue, Nov 8, 2016",1929.86854402192,1748.9007713446,902.624727794245,1840.63748865811,1389.32381548017,2302.76467592517,1470.62370805954,1144.23489518502,1516.10923518279,2683.29911035843,1599.4777610509,1616.97220434084,2087.58532528655,668.309186848766,1472.14027230521,1560.33174814015,1130.34686204469,941.796126950827,1181.835716635,988.083200996536,2089.17969326345,1131.23988651564,562.895177275785,993.91741131264,1542.10013758134,1189.0820588515,2484.53230988817,1899.1467972153,1678.5842110238,1396.27779046289
"17","Wed, Nov 9, 2016",1941.36292632163,1741.92189386103,888.724141418898,1849.81279748221,1377.82943318046,2302.76467592517,1454.10596936666,1144.23489518502,1514.52946550883,2699.81684905131,1599.67938258423,1625.70042153222,2115.89537364523,668.309186848766,1472.14027230521,1560.33174814015,1130.34686204469,950.131387059958,1181.835716635,1001.98378737188,2083.03911301406,1122.90462640651,554.16696008441,995.497180986594,1513.79008922266,1189.0820588515,2484.33068835485,1905.28737746469,1669.40890219971,1403.25666794646
"18","Thu, Nov 10, 2016",1941.36292632163,1741.92189386103,888.724141418898,1849.81279748221,1381.2219903977,2302.76467592517,1454.10596936666,1127.64320161986,1514.52946550883,2716.40854261646,1599.67938258423,1625.70042153222,2115.89537364523,669.999986113324,1472.14027230521,1556.93919092291,1121.82740978286,950.131387059958,1190.35516889684,1001.98378737188,2083.03911301406,1122.90462640651,554.16696008441,995.497180986594,1513.79008922266,1187.39125958694,2484.33068835485,1905.28737746469,1669.40890219971,1403.25666794646
"19","Fri, Nov 11, 2016",1941.36292632163,1766.45434091938,888.724141418898,1844.45375806257,1381.2219903977,2315.49970211753,1454.10596936666,1127.64320161986,1503.38776165232,2716.40854261646,1599.67938258423,1625.27918098262,2121.04739910956,669.999986113324,1472.14027230521,1556.93919092291,1121.82740978286,950.131387059958,1190.35516889684,977.451340313531,2077.88708754973,1106.55713951268,554.58820063401,995.497180986594,1520.04094375762,1181.14040505198,2495.47239221136,1910.64641688433,1685.75638909354,1390.5216417541
"20","Sat, Nov 12, 2016",1956.83899020311,1776.07982058037,900.414614136364,1844.45375806257,1392.96554262372,2315.49970211753,1454.10596936666,1112.45661727236,1518.57434599982,2716.40854261646,1590.72181645023,1615.65370132163,2134.313552586,673.306575186597,1468.32910295957,1543.4161237789,1125.6385791285,936.865233583519,1187.04857982356,965.450120109545,2077.88708754973,1106.55713951268,539.112136752528,983.806708269128,1520.04094375762,1181.14040505198,2504.42995834536,1922.64763708832,1699.27945623755,1378.77808952808
"21","Sun, Nov 13, 2016",1956.83899020311,1776.07982058037,900.414614136364,1833.6238645249,1392.96554262372,2326.3295956552,1454.10596936666,1101.53568290091,1518.57434599982,2726.34512542434,1590.72181645023,1615.65370132163,2134.313552586,648.25181961739,1468.32910295957,1543.4161237789,1125.6385791285,961.919989152726,1187.04857982356,965.450120109545,2077.72601453007,1106.71821253235,539.112136752528,973.870125461252,1530.96187812907,1181.14040505198,2504.42995834536,1922.64763708832,1699.27945623755,1378.77808952808
"22","Mon, Nov 14, 2016",1956.83899020311,1775.49284203992,878.258147618856,1833.6238645249,1392.96554262372,2326.3295956552,1451.09645250574,1101.53568290091,1520.8625290379,2726.34512542434,1611.76222385674,1635.83518877777,2156.47001910351,648.25181961739,1472.29865205065,1536.60154324821,1125.6385791285,961.919989152726,1187.63555836402,968.459636970459,2075.43783149199,1086.53672507621,518.071729346018,973.870125461252,1530.96187812907,1181.14040505198,2511.24453887605,1922.64763708832,1695.30990714648,1378.77808952808
"23","Tue, Nov 15, 2016",1964.52307787045,1775.49284203992,873.45392822583,1843.47143719867,1406.38026641119,2334.54147295002,1451.09645250574,1101.53568290091,1520.8625290379,2726.34512542434,1611.76222385674,1635.83518877777,2156.47001910351,653.056039010416,1472.29865205065,1528.91745558087,1125.6385791285,952.072416478949,1187.63555836402,968.459636970459,2075.43783149199,1086.53672507621,518.071729346018,973.870125461252,1517.5471543416,1181.14040505198,2511.24453887605,1914.43575979349,1695.30990714648,1378.77808952808
"24","Wed, Nov 16, 2016",1974.05537908718,1786.37251271987,873.45392822583,1843.47143719867,1406.38026641119,2333.52966844485,1440.21678182579,1117.61157610838,1519.92865764283,2735.63407937459,1605.53362257627,1636.84699328293,2155.93611229299,653.056039010416,1472.83255886117,1528.91745558087,1116.10627791177,952.072416478949,1180.44756042023,969.393508365522,2081.66643277246,1093.72472302,518.580735004627,957.794232253782,1517.5471543416,1174.32474085354,2518.06020307449,1905.14680584324,1695.30990714648,1378.26908386947
"25","Thu, Nov 17, 2016",1974.05537908718,1786.37251271987,873.45392822583,1843.47143719867,1410.14330383845,2333.52966844485,1440.21678182579,1117.61157610838,1519.92865764283,2735.63407937459,1621.42351789396,1636.84699328293,2155.93611229299,653.056039010416,1472.83255886117,1552.36378772537,1092.65994576728,976.187275054638,1180.44756042023,958.473526434474,2081.66643277246,1093.72472302,494.465876428939,957.794232253782,1501.65725902391,1174.32474085354,2518.06020307449,1905.14680584324,1691.54686971921,1389.18906580052
"26","Fri, Nov 18, 2016",1969.08525929079,1770.45887676809,858.0203641638,1848.44155699506,1410.14330383845,2354.21596811994,1425.23325899472,1111.74602945378,1499.24235796775,2751.54771532638,1621.42351789396,1635.43638416832,2164.56848447677,645.244157198498,1487.81608169224,1552.36378772537,1092.65994576728,976.187275054638,1185.22069091593,958.473526434474,2097.09999683449,1093.72472302,494.465876428939,959.204841368398,1496.88412852821,1165.69236866976,2525.87208488641,1911.01235249784,1691.54686971921,1389.18906580052
"27","Sat, Nov 19, 2016",1969.08525929079,1777.02219649588,858.0203641638,1847.66436926325,1400.27742242305,2354.21596811994,1421.65113403729,1111.74602945378,1492.67903823995,2756.35214496915,1630.44710348138,1635.43638416832,2174.43436589218,645.244157198498,1510.1557737457,1559.47442743243,1087.8555161245,953.847583001182,1185.99787864773,958.473526434474,2097.09999683449,1097.30684797742,497.631509081469,956.039208715867,1496.88412852821,1165.69236866976,2525.87208488641,1911.01235249784,1682.5232841318,1382.07842609346
"28","Sun, Nov 20, 2016",1968.53319733927,1777.02219649588,836.874943623719,1847.66436926325,1411.45329449355,2354.21596811994,1421.65113403729,1113.74817762132,1492.67903823995,2756.35214496915,1630.44710348138,1636.75056204991,2174.43436589218,634.068285127994,1510.1557737457,1559.47442743243,1087.8555161245,953.847583001182,1185.99787864773,959.025588385999,2095.7858189529,1097.30684797742,497.631509081469,956.039208715867,1518.02954906829,1166.15911279277,2525.87208488641,1910.54560837483,1680.52113596426,1382.07842609346
"29","Mon, Nov 21, 2016",1968.53319733927,1786.26604548874,836.874943623719,1843.0412138743,1411.45329449355,2354.21596811994,1414.49490929792,1113.74817762132,1485.74511889736,2783.2156120692,1637.38102282397,1609.88709494986,2185.97276112832,634.068285127994,1514.77892913466,1558.94713285627,1094.59828888758,944.603734008322,1185.99787864773,959.025588385999,2095.7858189529,1090.56407521434,498.158803657627,946.918336083024,1518.02954906829,1166.15911279277,2533.02830962579,1899.00721313869,1680.52113596426,1391.1992987263
"30","Tue, Nov 22, 2016",1967.64237484828,1786.26604548874,836.874943623719,1843.0412138743,1408.94952613918,2354.21596811994,1414.49490929792,1116.25194597569,1485.74511889736,2783.2156120692,1637.38102282397,1609.88709494986,2185.97276112832,634.059696902807,1514.77892913466,1558.94713285627,1094.59828888758,944.603734008322,1186.88870113872,960.055530497121,2095.79440717809,1090.56407521434,498.158803657627,946.918336083024,1516.99960695717,1166.15911279277,2533.02830962579,1899.00721313869,1680.52113596426,1391.1992987263
"31","Wed, Nov 23, 2016",1982.82801787953,1804.15893453176,818.9820545807,1834.14004981046,1408.94952613918,2367.40972968033,1394.47306534676,1092.15002212648,1502.36476307065,2803.59165636727,1620.79527311507,1594.70145191861,2205.99460507947,613.683652604733,1522.51865766926,1542.32748868297,1094.59828888758,923.280898197194,1208.21153694985,960.055530497121,2095.07361153339,1085.72499922351,490.419075123023,951.75741207386,1503.80584539677,1166.87990843746,2541.92947368963,1915.5929628476,1704.62305981347,1391.1992987263
"32","Fri, Nov 25, 2016",1973.08060123792,1794.57074242559,799.27708021011,1833.85610007641,1425.07552075301,2395.30088727489,1366.5819077522,1085.96551722081,1503.42039677399,2817.12550992966,1637.54463371737,1614.4064262892,2204.93897137613,600.149799042351,1512.39095468341,1552.45519166882,1085.34572337905,934.793942007046,1190.91292774216,960.339480231163,2101.25811643906,1078.06032179305,474.293080509196,940.244368264008,1521.10445460446,1150.13054783515,2551.5176657958,1924.84552835613,1714.37047645507,1398.86397615676
"33","Sat, Nov 26, 2016",1973.08060123792,1794.57074242559,799.27708021011,1841.71705336268,1425.07552075301,2395.30088727489,1366.5819077522,1085.96551722081,1484.47892241222,2826.60206035831,1637.54463371737,1614.4064262892,2204.93897137613,600.149799042351,1517.50360433622,1547.34254201602,1085.34572337905,925.317391578391,1190.91292774216,952.478526944895,2120.19959080084,1078.06032179305,474.293080509196,940.244368264008,1521.10445460446,1150.13054783515,2563.60945556434,1924.84552835613,1714.37047645507,1386.77218638822
"34","Sun, Nov 27, 2016",1973.13637618942,1794.57074242559,779.082408470502,1841.71705336268,1425.07552075301,2400.28689587008,1379.05091276532,1095.63641276928,1484.47892241222,2826.60206035831,1654.56091301621,1616.85366089891,2202.49173676642,600.094024090855,1517.50360433622,1547.34254201602,1094.56167749194,925.317391578391,1178.44392272905,952.478526944895,2120.19959080084,1068.84436768015,469.307071914012,930.573472715545,1504.08817530563,1170.32521957476,2563.60945556434,1924.84552835613,1714.37047645507,1386.77218638822
"35","Mon, Nov 28, 2016",1965.21020041547,1806.78733563379,779.082408470502,1863.45844366057,1425.07552075301,2400.28689587008,1379.05091276532,1095.63641276928,1484.47892241222,2834.52823613226,1654.56091301621,1616.85366089891,2202.49173676642,600.094024090855,1495.76221403832,1535.12594880782,1094.56167749194,913.508904924381,1178.44392272905,942.425545367799,2130.25257237793,1068.84436768015,451.257796220813,930.573472715545,1504.08817530563,1160.74103524646,2563.60945556434,1942.89480404933,1726.17896310908,1396.35637071652
"36","Tue, Nov 29, 2016",1965.21020041547,1806.78733563379,779.064630012885,1858.19901472868,1425.07552075301,2400.41477347908,1379.05091276532,1095.63641276928,1489.73835134411,2834.52823613226,1637.83598150577,1616.85366089891,2202.50951522404,581.761062796769,1495.76221403832,1535.12594880782,1094.43379988293,913.508904924381,1196.77688402313,942.425545367799,2130.25257237793,1068.82259008221,451.257796220813,930.573472715545,1504.08817530563,1160.74103524646,2563.63123316228,1942.89480404933,1742.90389461952,1396.35637071652
"37","Wed, Nov 30, 2016",1964.93963535416,1803.65773673714,779.064630012885,1858.19901472868,1424.70793686567,2400.41477347908,1370.42151891316,1083.19276441919,1492.86795024076,2834.52823613226,1637.83598150577,1602.36985219269,2202.50951522404,582.128646684108,1478.35983925022,1547.5695971579,1094.43379988293,908.39413781947,1196.77688402313,947.54031247271,2143.27215832476,1068.82259008221,451.257796220813,930.84403777685,1518.57198401185,1160.74103524646,2572.26062701444,1960.29717883743,1742.90389461952,1383.3367847697
"38","Thu, Dec 1, 2016",1964.93963535416,1803.65773673714,758.145519843616,1871.51269563616,1424.70793686567,2391.30717448222,1357.10783800568,1083.19276441919,1492.86795024076,2834.19219892554,1638.1720187125,1602.36985219269,2211.6171142209,582.128646684108,1483.60609981087,1549.9187648843,1115.3529100522,908.39413781947,1196.77688402313,947.54031247271,2143.27215832476,1063.57632952157,451.257796220813,930.84403777685,1518.57198401185,1160.74103524646,2572.26062701444,1960.29717883743,1740.55472689312,1383.3367847697
"39","Fri, Dec 2, 2016",1959.96412896519,1812.27292117976,758.145519843616,1871.51269563616,1425.11038710916,2390.90472423873,1357.10783800568,1062.928055422,1497.84345662973,2834.19219892554,1658.43672770969,1602.36985219269,2228.38033744395,560.655590923791,1483.60609981087,1549.9187648843,1115.3529100522,902.064758872966,1180.01366080008,953.869691419213,2143.27215832476,1082.6766270309,432.157498711482,930.84403777685,1518.57198401185,1152.12585080384,2577.01334926257,1981.77023459775,1740.55472689312,1378.58406252157
"40","Sat, Dec 3, 2016",1931.8686065487,1816.11351135497,745.508220373915,1871.27714565783,1407.24223603486,2390.90472423873,1374.97598907998,1052.76103020959,1497.84345662973,2850.58528088187,1658.43672770969,1602.36985219269,2228.38033744395,554.536667060404,1489.72502367425,1541.3640693238,1127.9902095219,902.300308851297,1180.01366080008,953.869691419213,2143.27215832476,1082.6766270309,428.316908536268,914.450955820516,1527.12667957235,1152.12585080384,2577.01334926257,2009.86575701424,1750.72175210553,1378.58406252157
"41","Sun, Dec 4, 2016",1931.8686065487,1816.11351135497,745.508220373915,1871.27714565783,1407.24223603486,2390.90472423873,1374.97598907998,1052.76103020959,1495.89954408513,2850.58528088187,1658.43672770969,1603.40345695142,2227.34673268521,554.536667060404,1489.72502367425,1541.3640693238,1127.9902095219,902.300308851297,1169.5349934621,959.643334904969,2153.75082566274,1084.6205395755,428.316908536268,914.450955820516,1527.12667957235,1146.35220731808,2577.01334926257,2009.86575701424,1750.72175210553,1378.58406252157
"42","Mon, Dec 5, 2016",1924.44314091878,1813.1861292389,736.403299346432,1883.56896708087,1401.36951350983,2399.62581005438,1362.68416765694,1064.54659541493,1495.89954408513,2874.62321833385,1661.36410982576,1579.36551949944,2227.34673268521,546.641892582581,1496.36666566829,1541.3640693238,1124.24723755436,902.300308851297,1162.89335146806,959.643334904969,2161.17629129266,1084.6205395755,416.531343330934,914.450955820516,1532.99940209738,1146.35220731808,2580.75632123011,2001.14467119859,1758.61652658335,1387.68898354905
"43","Tue, Dec 6, 2016",1924.44314091878,1813.1861292389,736.403299346432,1883.56896708087,1389.31063692423,2399.62581005438,1362.68416765694,1064.54659541493,1507.95842067073,2874.62321833385,1661.36410982576,1579.36551949944,2227.34673268521,546.641892582581,1503.5928228752,1539.96600943269,1124.24723755436,891.321087738419,1162.89335146806,961.041394796075,2161.17629129266,1088.18563265734,409.305186124028,904.939338814946,1532.99940209738,1146.35220731808,2591.73554234299,2001.14467119859,1768.12814358892,1384.12389046721
"44","Wed, Dec 7, 2016",1936.23974143315,1840.44361927714,739.215418989673,1897.05199147225,1389.31063692423,2420.93169293749,1350.57861159182,1061.73447577169,1494.47539627935,2893.46988941608,1688.21763056098,1596.50266837966,2208.50006160298,519.788371847368,1503.5928228752,1528.16940891832,1126.90612868706,891.321087738419,1162.89335146806,939.735511912974,2161.17629129266,1060.92814261911,409.305186124028,887.80218993473,1530.34051096468,1158.4577633832,2591.73554234299,2001.14467119859,1768.12814358892,1384.12389046721
"45","Thu, Dec 8, 2016",1936.23974143315,1840.44361927714,739.215418989673,1897.05199147225,1389.01351876564,2420.93169293749,1350.57861159182,1050.85866389455,1494.47539627935,2902.31056978361,1688.21763056098,1596.50266837966,2208.50006160298,519.788371847368,1508.55676937466,1528.16940891832,1126.90612868706,878.271262435278,1162.17830815129,939.735511912974,2161.17629129266,1060.92814261911,410.020229440801,887.80218993473,1525.37656446522,1158.4577633832,2592.03266050157,2014.19449650173,1759.28746322139,1394.99970234435
"46","Fri, Dec 9, 2016",1943.84535204476,1829.643733526,739.215418989673,1916.27669555078,1389.01351876564,2445.1625049989,1355.48303645373,1050.85866389455,1520.85589039125,2902.31056978361,1689.3266053221,1591.59824351775,2208.50006160298,511.065231935353,1508.55676937466,1503.93859685691,1119.30051807545,851.89076832338,1162.17830815129,942.732471334936,2160.06731653154,1041.70343854057,410.020229440801,896.525329846744,1525.37656446522,1155.46080396124,2592.03266050157,2024.99438225286,1759.28746322139,1394.99970234435
"47","Sat, Dec 10, 2016",1943.84535204476,1829.643733526,722.563801069152,1902.29122173426,1394.79919667311,2459.14797881543,1332.80465870994,1060.10941283785,1520.85589039125,2902.36752972076,1712.00498306588,1600.42199373038,2230.14579617868,511.065231935353,1508.4998094375,1498.15291894944,1110.31602100324,851.89076832338,1140.53257357559,942.732471334936,2160.06731653154,1032.45268959728,410.020229440801,896.525329846744,1516.55281425259,1135.13048454261,2608.68427842209,2024.99438225286,1779.61778264002,1403.98419941657
"48","Sun, Dec 11, 2016",1943.84535204476,1822.40665979064,722.563801069152,1902.29122173426,1394.79919667311,2459.14797881543,1332.80465870994,1060.10941283785,1520.3995256574,2909.24475049442,1712.00498306588,1600.42199373038,2230.14579617868,500.453908027871,1508.4998094375,1498.15291894944,1110.31602100324,845.013547549725,1145.96312614785,953.343795242418,2167.3043902669,1032.45268959728,410.476594174653,891.094777274483,1516.55281425259,1135.13048454261,2608.68427842209,2024.99438225286,1779.61778264002,1403.98419941657
"49","Mon, Dec 12, 2016",1943.84535204476,1822.40665979064,715.82801834464,1896.09158552514,1394.79919667311,2459.14797881543,1353.69391229676,1039.22015925102,1520.3995256574,2909.24475049442,1718.7407657904,1606.6216299395,2234.96326681835,477.588720864718,1508.4998094375,1510.20559741315,1091.0857385926,845.013547549725,1145.96312614785,953.343795242418,2167.3043902669,1032.45268959728,410.476594174653,891.094777274483,1511.73534361293,1157.99567170576,2608.68427842209,2044.22466466351,1779.61778264002,1391.93152095285
"50","Tue, Dec 13, 2016",1943.41943799921,1822.40665979064,715.82801834464,1896.09158552514,1393.78131923792,2474.99807022778,1353.69391229676,1039.22015925102,1520.3995256574,2914.49162272298,1718.7407657904,1606.6216299395,2234.96326681835,477.588720864718,1492.64971802515,1510.20559741315,1091.0857385926,846.03142498491,1140.71625391929,948.775539960203,2165.50995580408,1032.87860364282,410.476594174653,895.663032556698,1513.52977807575,1157.99567170576,2608.68427842209,2044.22466466351,1779.61778264002,1391.93152095285
"51","Wed, Dec 14, 2016",1943.41943799921,1812.66694171313,728.856908205758,1894.96526508702,1393.78131923792,2474.52579344434,1340.45289563396,1039.22015925102,1533.6405423202,2914.49162272298,1748.89541306418,1599.92985577982,2242.1310749529,464.559831003599,1493.12199480859,1516.89737157283,1091.0857385926,846.03142498491,1140.71625391929,948.775539960203,2160.26603758059,1025.71079550827,402.038766233494,895.663032556698,1513.52977807575,1127.84102443198,2618.4239964996,2052.66249260466,1784.86170086351,1393.05784139098
"52","Thu, Dec 15, 2016",1943.41943799921,1812.66694171313,728.856908205758,1894.96526508702,1388.94035734445,2474.52579344434,1340.45289563396,1041.85527766519,1533.6405423202,2923.72992365777,1748.89541306418,1597.9083986083,2242.1310749529,464.559831003599,1493.12199480859,1516.89737157283,1095.92670048607,846.03142498491,1142.73771109081,939.537239025417,2160.26603758059,1025.71079550827,402.038766233494,884.341236245524,1510.89465966158,1127.84102443198,2629.74579281077,2052.66249260466,1784.86170086351,1393.05784139098
"53","Fri, Dec 16, 2016",1948.2395467358,1820.82465415584,718.043934211118,1886.80755264431,1380.89411740906,2474.52579344434,1333.22379366752,1041.85527766519,1523.82789698428,2923.72992365777,1770.61091314707,1597.9083986083,2250.01442298235,476.913676994052,1491.17704272419,1509.01402354338,1103.97294042146,846.03142498491,1121.02221100792,939.537239025417,2160.26603758059,1036.52376950291,389.684920243041,884.341236245524,1510.89465966158,1129.78597651639,2629.74579281077,2047.84238386807,1792.09080282994,1402.8704867269
"54","Sat, Dec 17, 2016",1940.36192503712,1820.82465415584,718.043934211118,1894.68517434299,1380.89411740906,2482.7490083393,1333.22379366752,1055.42009785282,1508.44795460307,2950.42242103534,1776.13886969247,1613.2883409895,2250.01442298235,468.690462099091,1491.17704272419,1509.01402354338,1103.97294042146,840.503468439505,1121.02221100792,925.972418837785,2171.92371440167,1036.52376950291,389.684920243041,872.683559424453,1484.20216228401,1129.78597651639,2629.74579281077,2047.84238386807,1792.09080282994,1402.8704867269
"55","Sun, Dec 18, 2016",1940.36192503712,1835.06939234797,716.430113384113,1894.68517434299,1380.89411740906,2482.7490083393,1353.34645825935,1055.42009785282,1508.44795460307,2950.42242103534,1776.13886969247,1613.2883409895,2249.48902977782,468.690462099091,1477.84494866922,1494.76928535124,1103.97294042146,840.503468439505,1110.30876645715,925.972418837785,2171.92371440167,1012.42231177157,391.298741070046,872.683559424453,1484.20216228401,1109.66331192456,2640.45923736154,2071.94384159941,1805.42289688491,1403.39587993143
"56","Mon, Dec 19, 2016",1942.83692189503,1835.06939234797,716.430113384113,1894.68517434299,1398.64892323374,2482.7490083393,1348.70267572831,1060.06388038387,1490.6931487784,2950.42242103534,1776.13886969247,1619.2510486211,2249.48902977782,468.690462099091,1477.84494866922,1494.76928535124,1103.97294042146,849.042165245062,1110.30876645715,925.972418837785,2169.44871754376,1012.42231177157,391.298741070046,864.144862618896,1484.20216228401,1109.66331192456,2640.45923736154,2071.94384159941,1805.42289688491,1397.43317229984
"57","Tue, Dec 20, 2016",1942.83692189503,1842.77922354227,705.682188368511,1900.37921167028,1398.64892323374,2490.10030595138,1348.70267572831,1045.65912068646,1490.6931487784,2972.30123547147,1770.46479282308,1618.41529841645,2263.89378947522,462.996424771807,1470.13511747492,1493.29353121011,1096.62164280938,849.042165245062,1127.1347698452,926.808169042432,2169.44871754376,1013.8980659127,374.472737681999,864.144862618896,1481.8478558688,1112.01761833976,2646.13331423092,2082.69176661501,1783.54408244878,1397.43317229984
"58","Wed, Dec 21, 2016",1942.5696146386,1842.77922354227,705.682188368511,1900.37921167028,1388.29765240304,2500.13113943033,1351.57299155234,1045.65912068646,1479.56158048532,2972.30123547147,1785.29598567687,1618.41529841645,2263.89378947522,462.996424771807,1481.266685768,1493.29353121011,1086.59080933043,849.309472501486,1115.15545594844,926.808169042432,2181.42803144052,1013.8980659127,374.472737681999,849.313669765115,1478.97754004477,1112.37606341087,2646.13331423092,2082.69176661501,1783.18563737767,1407.78444313053
"59","Thu, Dec 22, 2016",1942.5696146386,1853.96886467765,695.687819686449,1900.37921167028,1388.29765240304,2500.13113943033,1351.57299155234,1045.65912068646,1479.56158048532,2982.29560415353,1785.29598567687,1607.22565728107,2266.17888374679,453.485785920605,1481.266685768,1502.80417006132,1086.59080933043,849.309472501486,1115.15545594844,936.578039792532,2181.42803144052,1004.1281951626,374.472737681999,849.313669765115,1478.97754004477,1112.37606341087,2643.84821995936,2082.69176661501,1783.18563737767,1407.78444313053
"60","Fri, Dec 23, 2016",1947.24948527411,1844.28597577168,682.706319040676,1915.22314717032,1373.45371690299,2513.1126400761,1351.7582359568,1040.97925005095,1472.54003869515,2989.3171459437,1781.91324824307,1607.22565728107,2265.99363934233,433.531190694702,1484.64942320179,1500.79328170002,1094.90181515689,840.743920008221,1117.16634430974,936.578039792532,2191.11092034649,1024.0827903885,363.650798695242,860.135608751872,1462.04056557295,1120.94161590414,2660.78519443117,2093.27969428005,1772.59770971264,1399.47343730408
"61","Sun, Dec 25, 2016",1947.24948527411,1852.39611132835,682.706319040676,1915.22314717032,1358.47793337559,2514.02118416245,1351.7582359568,1040.97925005095,1472.54003869515,2988.40860185736,1781.91324824307,1607.22565728107,2265.99457469948,433.530255337557,1484.64942320179,1500.79328170002,1094.90181515689,829.97564235782,1117.16634430974,928.467904235854,2201.87919799689,1024.0827903885,363.650798695242,860.135608751872,1462.04056557295,1120.94161590414,2675.76097795858,2093.27969428005,1772.59770971264,1399.47343730408
"62","Mon, Dec 26, 2016",1945.67020347792,1852.39611132835,682.585019223967,1915.34444698703,1362.24163577302,2513.21655963076,1347.02984737875,1041.52673132269,1473.34466322684,2988.40860185736,1797.30778635129,1603.46195488364,2265.44709342775,433.530255337557,1482.16907932239,1500.79328170002,1085.83844525414,831.554924154013,1121.8947328878,928.467904235854,2201.87919799689,1026.5631342679,357.990855119135,844.741070643657,1453.85235775108,1126.60155948024,2675.76097795858,2101.46790210192,1772.59770971264,1408.53680720682
"63","Tue, Dec 27, 2016",1945.67020347792,1865.87754137782,682.585019223967,1915.34444698703,1362.24163577302,2513.21655963076,1327.79866656788,1041.52673132269,1473.34466322684,2988.40860185736,1816.53896716216,1603.46195488364,2265.44709342775,428.866707987226,1468.68764927293,1486.1422724863,1085.83844525414,831.554924154013,1121.8947328878,928.467904235854,2216.53020721061,1026.5631342679,357.990855119135,844.741070643657,1453.85235775108,1126.60155948024,2675.76097795858,2101.46790210192,1777.26125706297,1408.53680720682
"64","Wed, Dec 28, 2016",1952.33028739042,1865.87754137782,676.750092977423,1933.71207823105,1368.07656201956,2513.21655963076,1327.79866656788,1047.48976199574,1467.9525772929,2999.93660312383,1816.53896716216,1598.49020460722,2262.0580673794,428.866707987226,1468.68764927293,1486.1422724863,1091.23053118808,825.591893480957,1125.28375893614,921.807820323351,2216.53020721061,1008.19550302388,357.990855119135,831.422124461654,1469.7056827763,1110.74823445503,2689.07992414058,2089.93990083545,1777.26125706297,1413.50855748324
"65","Thu, Dec 29, 2016",1952.33028739042,1856.42633651652,676.750092977423,1946.29284766148,1368.07656201956,2522.66776449205,1341.2597102877,1047.48976199574,1467.9525772929,2999.93660312383,1816.53896716216,1598.49020460722,2262.0580673794,415.405664267397,1470.67197548697,1473.56150305586,1091.23053118808,825.591893480957,1125.28375893614,921.807820323351,2214.54588099657,1008.19550302388,344.771371857576,831.272883655769,1469.7056827763,1110.74823445503,2689.07992414058,2090.08914164133,1790.48074032453,1413.50855748324
"66","Fri, Dec 30, 2016",1963.13117672292,1863.69021620768,655.410817498253,1946.29284766148,1355.10413612011,2522.66776449205,1333.17215594437,1047.11000074818,1457.1516879604,3008.02415746716,1821.26076836138,1611.46263050668,2257.33626618018,415.405664267397,1470.67197548697,1466.29762336471,1083.85514179345,832.967282875593,1139.57888935532,907.512689904166,2214.54588099657,1008.19550302388,345.15113310514,831.272883655769,1456.03891007149,1110.74823445503,2702.74669684539,2090.08914164133,1790.48074032453,1434.84783296241
"67","Sat, Dec 31, 2016",1963.13117672292,1863.69021620768,655.410817498253,1930.92171560088,1347.84741831789,2538.03889655266,1333.17215594437,1047.11000074818,1457.1516879604,3008.02415746716,1830.50349486399,1611.46263050668,2237.80349759504,415.405664267397,1488.41037017691,1466.29762336471,1091.11185959567,832.967282875593,1139.57888935532,898.269963401554,2234.07864958171,1008.19550302388,345.15113310514,823.684412060169,1456.03891007149,1093.00983976509,2702.74669684539,2090.08914164133,1798.06921192013,1434.84783296241
"68","Sun, Jan 1, 2017",1963.54206142098,1863.69021620768,655.410817498253,1930.92171560088,1347.84741831789,2538.03889655266,1333.17215594437,1047.11000074818,1466.69919885825,3008.02415746716,1830.50349486399,1626.67301774985,2237.80349759504,407.085792786419,1488.41037017691,1456.75011246685,1091.11185959567,822.924448709175,1139.57888935532,898.269963401554,2234.07864958171,992.985115780715,345.15113310514,823.684412060169,1466.0817442379,1093.00983976509,2702.33581214733,2098.40901312231,1798.06921192013,1434.84783296241
"69","Mon, Jan 2, 2017",1963.54206142098,1863.69021620768,643.269457579262,1929.67207336134,1349.09706055743,2546.29480626315,1333.17215594437,1040.25449445405,1466.69919885825,3014.87966376129,1843.98329679154,1626.67301774985,2247.75979422611,407.085792786419,1488.41037017691,1456.75011246685,1094.22919811131,822.924448709175,1131.32297964483,884.575544779339,2230.96131106606,1006.67953440293,345.15113310514,813.728115429104,1466.0817442379,1093.00983976509,2702.33581214733,2098.40901312231,1810.21057183912,1421.36803103486
"70","Tue, Jan 3, 2017",1963.54206142098,1874.99519719536,643.269457579262,1929.67207336134,1349.09706055743,2546.29480626315,1341.20424783095,1030.96605750594,1457.77476685903,3014.87966376129,1843.98329679154,1635.59744974907,2247.75979422611,408.011057498355,1487.48510546498,1455.59376336257,1094.22919811131,821.845002644699,1131.32297964483,884.575544779339,2230.96131106606,1006.67953440293,346.230579169616,814.88446453339,1466.0817442379,1102.2982767132,2728.14869674157,2072.59612852807,1798.90559085144,1413.33593914828
"71","Wed, Jan 4, 2017",1981.37753726774,1874.99519719536,643.269457579262,1934.53840394457,1349.65638499052,2545.73548183006,1341.20424783095,1030.96605750594,1457.77476685903,3022.70885028943,1843.98329679154,1635.59744974907,2259.14812228372,408.011057498355,1476.09677740736,1465.29737937153,1099.55791872246,821.845002644699,1131.32297964483,879.246824168195,2226.09498048283,988.844058556168,346.230579169616,814.88446453339,1458.25255770976,1092.59466070424,2728.14869674157,2072.59612852807,1798.90559085144,1413.33593914828
"72","Thu, Jan 5, 2017",1989.6928114446,1874.99519719536,630.89087155078,1933.63185079466,1349.65638499052,2545.73548183006,1339.86446218146,1013.32452824697,1458.68132000894,3022.70885028943,1845.55302169358,1647.97603577755,2259.14812228372,397.896623757681,1476.09677740736,1465.29737937153,1099.55791872246,821.845002644699,1123.00770546797,879.246824168195,2224.5252555808,988.844058556168,346.230579169616,816.224250182881,1468.36699145044,1092.59466070424,2745.79022600054,2084.17899605649,1787.32272332302,1413.33593914828
"73","Fri, Jan 6, 2017",1989.6928114446,1880.48662883338,623.718984992877,1933.63185079466,1349.65638499052,2552.90736838796,1339.86446218146,1013.32452824697,1458.68132000894,3022.72000467584,1855.46481141738,1647.97603577755,2268.52957949334,399.209328547821,1476.08562302095,1463.98467458139,1095.80642170496,811.360335311398,1123.00770546797,882.998321185691,2224.5252555808,978.93226883237,340.739147531589,816.224250182881,1468.36699145044,1083.21320349462,2745.79022600054,2084.17899605649,1787.32272332302,1423.82060648158
"74","Sat, Jan 7, 2017",2006.99870025635,1891.88776845037,623.718984992877,1916.85213414764,1350.26481613538,2552.90736838796,1322.55857336971,1000.19508992538,1458.68132000894,3022.72000467584,1855.46481141738,1662.9953920847,2268.52957949334,399.209328547821,1476.08562302095,1463.98467458139,1095.80642170496,805.953257561911,1111.60656585099,867.978964878542,2237.65469390238,978.93226883237,340.739147531589,816.224250182881,1468.36699145044,1083.21320349462,2762.56994264756,2083.57056491163,1792.72980107251,1423.82060648158
"75","Sun, Jan 8, 2017",2006.99870025635,1891.88776845037,619.319833931571,1916.85213414764,1350.26481613538,2558.20093347589,1322.55857336971,1000.19508992538,1462.64126502758,3031.35081334839,1859.82746086775,1662.9953920847,2281.90125662353,401.324386856555,1480.14756229113,1450.6129974512,1085.16604910702,805.953257561911,1111.60656585099,867.978964878542,2237.65469390238,976.817210523637,345.138298592895,810.930685094954,1464.40704643181,1074.58239482207,2762.56994264756,2079.20791546125,1788.66786180233,1434.46097907952
"76","Mon, Jan 9, 2017",2006.99870025635,1891.88776845037,619.319833931571,1916.85213414764,1334.61191584351,2558.20093347589,1320.69052205206,1000.19508992538,1462.64126502758,3031.35081334839,1859.82746086775,1662.9953920847,2281.90125662353,401.324386856555,1480.14756229113,1450.6129974512,1085.16604910702,807.821308879559,1128.88396318589,850.701567543646,2253.30759419425,976.817210523637,345.138298592895,810.930685094954,1464.40704643181,1074.58239482207,2762.56994264756,2079.20791546125,1788.66786180233,1434.46097907952
"77","Tue, Jan 10, 2017",2022.51869925813,1880.87065648245,603.799834929787,1908.79586518332,1329.28077471203,2557.49834923293,1320.69052205206,1000.19508992538,1460.18649292076,3041.27571621225,1867.88372983208,1662.9953920847,2281.90125662353,383.047489566933,1480.14756229113,1440.68809458733,1085.16423910639,807.821308879559,1128.88396318589,850.701567543646,2253.30759419425,976.817210523637,345.138298592895,810.930685094954,1482.68394372143,1077.03716692888,2762.57175264819,2090.22502742917,1789.37044604529,1439.79212021101
"78","Wed, Jan 11, 2017",2022.51869925813,1893.46313852403,603.799834929787,1908.79586518332,1329.28077471203,2556.53934813861,1320.69052205206,1000.19508992538,1460.18649292076,3041.27571621225,1867.08542307001,1662.9953920847,2291.06152833422,383.047489566933,1469.58009392582,1440.68809458733,1085.16423910639,808.619615641626,1128.88396318589,849.891712227769,2263.87506255956,967.656938812949,345.948153908772,810.930685094954,1483.64294481575,1077.03716692888,2762.57175264819,2090.22502742917,1789.37044604529,1427.19963816943
"79","Thu, Jan 12, 2017",2022.51869925813,1893.46313852403,590.727154573308,1908.79586518332,1326.29201991781,2556.53934813861,1330.18349401783,1002.4954563463,1446.21690632924,3055.24530280377,1867.08542307001,1660.69502566378,2291.06152833422,364.934105980905,1469.58009392582,1440.68809458733,1085.16423910639,808.619615641626,1141.95664354236,852.880467021992,2263.87506255956,967.656938812949,345.948153908772,801.437713129188,1483.64294481575,1077.03716692888,2780.68513623422,2090.22502742917,1789.37044604529,1427.19963816943
"80","Fri, Jan 13, 2017",2019.04474037645,1896.93709740571,576.860518859401,1908.80316414024,1326.29201991781,2567.19503412407,1330.18349401783,1002.4954563463,1415.82133942692,3055.24530280377,1865.18464081904,1660.69502566378,2291.06152833422,364.934105980905,1471.48087617679,1437.41966014204,1088.43267355168,808.600066329497,1141.95664354236,852.880467021992,2263.89461187169,968.941872612287,345.940854951851,801.437713129188,1482.35801101641,1066.38148094343,2780.68513623422,2104.09166314307,1819.76601294761,1427.19963816943
"81","Sat, Jan 14, 2017",2019.04474037645,1896.93709740571,576.860518859401,1908.80316414024,1337.28221914377,2567.19503412407,1330.18349401783,1002.4954563463,1415.82133942692,3055.24530280377,1865.18464081904,1660.69502566378,2301.78941548915,354.206218825977,1471.48087617679,1437.41966014204,1088.43267355168,808.600066329497,1130.9664443164,852.880467021992,2263.89461187169,959.456287946041,331.513357235296,801.437523199803,1482.35801101641,1066.38148094343,2780.68532616361,2104.09166314307,1829.25159761386,1441.62713588598
"82","Sun, Jan 15, 2017",2032.41317273822,1896.93709740571,557.989429486844,1908.80316414024,1341.75904376807,2567.19503412407,1344.19618977557,1002.4954563463,1423.41538166502,3055.24530280377,1884.05573019159,1660.69502566378,2301.78941548915,346.612176587875,1467.00405155249,1437.41966014204,1075.06424118992,794.587370571752,1130.9664443164,839.950487324614,2270.34805985333,959.456287946041,331.513357235296,801.437523199803,1482.35801101641,1059.92803296179,2780.68532616361,2117.02164284045,1829.25159761386,1441.62713588598
"83","Mon, Jan 16, 2017",2036.545983169,1907.94549824062,557.989429486844,1897.79476330532,1341.75904376807,2535.79394893097,1344.19618977557,1014.84516288474,1423.41538166502,3086.64638799687,1884.05573019159,1667.79401537609,2319.063462879,346.612176587875,1467.00405155249,1437.41966014204,1074.40833538508,794.587370571752,1123.86745460409,835.817676893835,2253.07401246348,947.106581407594,332.169263040135,793.734452817798,1466.62329849545,1059.92803296179,2780.68532616361,2117.02164284045,1836.95466799586,1457.36184840695
"84","Tue, Jan 17, 2017",2036.545983169,1907.94549824062,548.754752033507,1897.79476330532,1337.6967011357,2535.79394893097,1348.25853240795,1024.71241883799,1423.41538166502,3086.64638799687,1882.10361102243,1667.79401537609,2319.063462879,336.744920634625,1467.00405155249,1439.37177931121,1074.40833538508,787.783604164857,1123.86745460409,835.817676893835,2253.07401246348,947.106581407594,332.169263040135,793.734452817798,1466.62329849545,1059.92803296179,2787.4890925705,2126.25632029379,1836.95466799586,1457.36184840695
"85","Wed, Jan 18, 2017",2034.14929469573,1907.62305903783,548.754752033507,1920.47598460822,1337.6967011357,2535.79394893097,1348.25853240795,1024.71241883799,1425.81207013829,3105.8912616648,1900.24588684474,1677.89415093546,2319.063462879,336.744920634625,1461.0459399444,1439.37177931121,1056.26605956276,787.783604164857,1143.56785852254,836.140116096631,2233.82913879554,927.406177489139,332.168369376038,793.734452817798,1443.94207719255,1049.82789740242,2787.4890925705,2126.25721395789,1836.95466799586,1463.31996001505
"86","Thu, Jan 19, 2017",2034.14929469573,1907.62305903783,548.754752033507,1920.47598460822,1337.6967011357,2546.6789816134,1341.36637828812,1014.38307096312,1425.81207013829,3105.8912616648,1900.24588684474,1677.89415093546,2319.07084186972,336.744920634625,1461.0459399444,1446.26393343103,1056.26605956276,787.77622517413,1143.56785852254,828.890661166132,2233.82913879554,927.406177489139,332.168369376038,782.84942013537,1443.94207719255,1049.82789740242,2797.81844044537,2126.25721395789,1836.95466799586,1470.56941494554
"87","Fri, Jan 20, 2017",2045.82842308166,1907.62305903783,551.323234124647,1935.65618910447,1326.01757274976,2546.6789816134,1331.83722301968,1014.38307096312,1425.81207013829,3120.78888150506,1885.34826700448,1677.96522913719,2319.07084186972,336.673842432889,1479.29127479963,1446.26393343103,1045.16200125847,787.77622517413,1140.9993764314,828.890661166132,2233.82913879554,938.510235793438,332.606909367515,782.84942013537,1443.50353720108,1031.58256254719,2797.81844044537,2111.07700946163,1846.48382326431,1470.56941494554
"88","Sat, Jan 21, 2017",2057.78210530877,1906.32208354362,543.634106365904,1943.34531686322,1333.19835737551,2539.1435979649,1331.83722301968,1014.21356221855,1429.79771653427,3120.78888150506,1910.98465119011,1666.34481282048,2319.2403506143,336.673842432889,1453.654890614,1461.3750779274,1030.0508567621,787.77622517413,1140.9993764314,824.53494661731,2233.82913879554,938.510235793438,320.653227140408,787.205134684193,1444.80451269528,1024.40177792145,2805.35382409387,2111.07700946163,1858.10423958102,1466.58376854956
"89","Sun, Jan 22, 2017",2057.78210530877,1906.32208354362,543.634106365904,1943.34531686322,1333.19835737551,2539.1435979649,1365.26430550883,1010.98139030557,1429.79771653427,3132.71988450546,1910.98465119011,1666.34481282048,2319.2403506143,303.246759943734,1453.654890614,1461.3750779274,1030.0508567621,791.008397087113,1140.9993764314,824.53494661731,2233.82913879554,926.579232793039,320.653227140408,787.012213405614,1444.80451269528,1024.40177792145,2805.35382409387,2111.26993074021,1858.10423958102,1466.58376854956
"90","Mon, Jan 23, 2017",2043.73568011792,1906.32208354362,529.597040594909,1941.31875909017,1333.19835737551,2539.15915229243,1365.26430550883,1010.98139030557,1427.95684187808,3132.72166230945,1910.27464181223,1665.97542296606,2333.28677580515,303.246759943734,1453.654890614,1461.37330012341,1030.76086613998,791.008397087113,1140.98382210387,824.904336471728,2240.4931215504,926.579232793039,320.653227140408,787.012213405614,1444.80451269528,1026.24265257763,2819.39088986486,2111.26993074021,1851.44025682617,1468.61032632261
"91","Tue, Jan 24, 2017",2043.73568011792,1902.80208554232,529.597040594909,1941.31875909017,1345.69680569574,2539.15915229243,1365.26430550883,1011.64017094303,1427.95684187808,3132.72166230945,1910.27464181223,1665.97542296606,2333.28707253888,303.246759943734,1453.654890614,1461.37330012341,1030.76086613998,795.083766960797,1140.98382210387,824.904336471728,2240.4931215504,914.080784472804,320.652930406675,782.93684353193,1444.80451269528,1026.24265257763,2825.45695163085,2105.20386897422,1850.7814761887,1472.13032432392
"92","Wed, Jan 25, 2017",2052.60748275007,1914.59017440928,523.220864304794,1930.70332197176,1336.82500306359,2539.16907834102,1376.75928978499,1011.64017094303,1427.95684187808,3143.33709942786,1898.48655294527,1665.97542296606,2333.28707253888,294.817290683421,1454.21139756693,1467.74947641352,1030.22315630963,795.083766960797,1130.64495906847,813.409352195567,2250.8319845858,914.080784472804,321.190640237023,782.93684353193,1453.23398195559,1026.23272652905,2825.45695163085,2104.64736202129,1850.7814761887,1472.13032432392
"93","Thu, Jan 26, 2017",2052.60748275007,1914.59017440928,523.220864304794,1930.70332197176,1336.82500306359,2539.16907834102,1364.46209399901,1022.14614620533,1427.95684187808,3143.33709942786,1898.48655294527,1675.03016552074,2333.28707253888,287.007368980219,1454.21139756693,1467.74947641352,1030.22315630963,786.029024406119,1130.64495906847,813.409352195567,2263.12918037179,914.080784472804,321.190640237023,772.430868269637,1453.23398195559,1026.23272652905,2825.45695163085,2104.64736202129,1858.5913978919,1472.13032432392
"94","Fri, Jan 27, 2017",2050.09132773294,1937.77269864101,516.477424246355,1930.01650908819,1322.50063545356,2545.91251839945,1364.46209399901,1022.14614620533,1427.95684187808,3143.33709942786,1904.70855255115,1682.75590366946,2333.28707253888,287.007368980219,1448.14658062409,1482.07384402355,1015.75613438418,786.029024406119,1130.64122158033,814.09616507914,2263.12918037179,890.898260241076,314.968640631142,772.430868269637,1459.29879889844,1018.50698838033,2825.460689119,2119.11438394674,1858.5913978919,1474.64647934105
"95","Sat, Jan 28, 2017",2050.09132773294,1945.01618836665,495.613251008139,1929.80033689662,1322.50063545356,2545.91251839945,1364.46209399901,1036.97876725214,1415.36351361799,3177.73185260949,1904.70855255115,1682.75590366946,2298.89231935725,287.007368980219,1450.3025111928,1494.66717228364,1008.51264465855,806.893197644335,1130.64122158033,814.09616507914,2263.12918037179,890.898260241076,314.968640631142,757.598247222828,1459.29879889844,1018.72316057189,2825.460689119,2119.11438394674,1856.43546732319,1474.64647934105
"96","Sun, Jan 29, 2017",2055.49164360662,1945.01618836665,495.613251008139,1929.80033689662,1335.45463974486,2563.90508205993,1364.44541828388,1036.97876725214,1415.36351361799,3181.80101973262,1895.42742974973,1692.03702647088,2298.89231935725,287.007368980219,1450.3025111928,1494.66717228364,1008.51264465855,806.893197644335,1113.75511019445,808.695849205455,2245.13661671131,891.292247555681,302.01463633985,757.598247222828,1455.2296317753,1018.72316057189,2825.47736483413,2118.72039663214,1856.43546732319,1491.53259072692
"97","Mon, Jan 30, 2017",2055.49164360662,1953.04706452116,485.981145334452,1929.80033689662,1335.45463974486,2564.33121293024,1364.01928741357,1036.97876725214,1407.33263746348,3181.80101973262,1895.42742974973,1692.03702647088,2298.89231935725,287.007368980219,1470.27488784746,1504.29927795733,1008.51264465855,813.802903133301,1113.75511019445,808.695849205455,2245.13661671131,884.382542066715,302.527367339578,737.625870568169,1455.2296317753,1018.21042957216,2825.47736483413,2118.72039663214,1856.43546732319,1491.53259072692
"98","Tue, Jan 31, 2017",2055.49164360662,1953.04706452116,485.981145334452,1926.48669040375,1335.45463974486,2564.33121293024,1364.01928741357,1036.45855142469,1407.33263746348,3181.80101973262,1914.9569980038,1692.03702647088,2298.89231935725,287.527584807661,1470.27488784746,1504.29927795733,1008.51264465855,813.802903133301,1108.64138219299,791.739328151031,2229.04903411943,884.382542066715,302.527367339578,737.625870568169,1458.54327826818,998.680861318092,2841.56494742601,2123.83412463359,1856.43546732319,1508.48911178134
"99","Wed, Feb 1, 2017",2052.4593518829,1957.93894060032,476.332421843394,1913.57685000422,1336.30091374892,2581.10048230874,1379.77381874173,1013.98797953886,1428.39680305183,3194.71086013215,1914.9569980038,1704.52594969334,2308.11967253746,287.527584807661,1492.74545973329,1507.33156968106,992.642323821645,797.033633754796,1087.57721660464,801.388051642088,2228.20276011537,871.893618844256,286.772836011416,728.398517387962,1458.54327826818,998.680861318092,2841.56494742601,2118.94224855444,1872.30578816009,1508.48911178134
"100","Thu, Feb 2, 2017",2061.18516476258,1957.93894060032,476.332421843394,1913.57685000422,1336.30091374892,2581.10048230874,1379.77381874173,1013.98797953886,1428.39680305183,3208.96112995806,1906.23118512411,1704.52594969334,2293.86940271155,278.706691740414,1492.74545973329,1507.33156968106,992.642323821645,797.033633754796,1087.57721660464,801.388051642088,2228.20276011537,871.893618844256,277.771985878614,728.398517387962,1458.54327826818,998.680861318092,2850.56579755881,2118.94224855444,1872.30578816009,1517.31000484859
"101","Fri, Feb 3, 2017",2061.18516476258,1964.32029197281,466.521282415821,1913.57685000422,1328.36417201927,2581.10048230874,1385.01894352306,1020.10645451779,1439.55804362107,3208.96112995806,1914.16792685376,1714.33708912091,2293.86940271155,272.325340367918,1478.99559075326,1507.33156968106,986.523848842712,785.872393185556,1087.57721660464,801.388051642088,2241.95262909541,871.715360124763,277.771985878614,730.546851255856,1453.29815348686,996.532527450197,2850.56579755881,2119.12050727393,1872.30578816009,1517.31000484859
"102","Sat, Feb 4, 2017",2081.10893416395,1964.32029197281,466.521282415821,1905.21355030235,1328.36417201927,2588.04211934982,1385.01894352306,1005.46890478371,1417.92860751938,3208.96116868625,1914.16792685376,1735.9665252226,2293.86940271155,272.325340367918,1490.464738706,1524.82784779173,1012.41751656377,774.403245232815,1070.91449167704,794.446414601013,2241.95262909541,851.791590723398,260.27570776794,704.653183534803,1453.29815348686,996.532488722007,2865.20334729289,2119.12050727393,1880.66908786196,1533.97272977619
"103","Sun, Feb 5, 2017",2081.10893416395,1967.11748757311,458.701876908902,1905.21355030235,1328.36417201927,2588.04211934982,1385.01894352306,1005.46890478371,1417.92860751938,3208.96116868625,1914.16792685376,1735.9665252226,2291.07220711125,272.325340367918,1490.464738706,1524.82784779173,1012.41751656377,774.403245232815,1070.91449167704,794.446414601013,2250.89639962035,851.791590723398,260.27570776794,704.653183534803,1444.35438296192,996.532488722007,2865.20334729289,2126.93991278085,1880.66908786196,1533.97272977619
"104","Mon, Feb 6, 2017",2070.15850590819,1967.11748757311,458.701876908902,1905.21355030235,1338.05203673246,2595.66028329042,1379.09050033537,1011.39734797139,1432.51276988564,3208.96116868625,1914.16792685376,1737.0464699833,2284.16264361293,274.409299814003,1490.40998497256,1530.78712212999,1012.41751656377,768.443970894559,1080.05547481753,792.362455154928,2249.81645485965,851.791590723398,245.691545401678,695.512200394313,1444.35438296192,986.844624008816,2865.25810102633,2133.84947627917,1891.61951611771,1526.35456583559
"105","Tue, Feb 7, 2017",2070.15850590819,1967.11748757311,453.049443207892,1910.86598400337,1338.05203673246,2595.66028329042,1374.53594296372,1011.39734797139,1432.51276988564,3208.96116868625,1933.42395443918,1737.0464699833,2284.16264361293,274.409299814003,1490.40998497256,1530.78712212999,1012.41751656377,768.443970894559,1080.05547481753,792.362455154928,2249.81645485965,832.535563137981,245.691545401678,695.512200394313,1448.90894033357,986.844624008816,2865.25810102633,2133.84947627917,1891.61951611771,1526.35456583559
"106","Wed, Feb 8, 2017",2081.56124833072,1966.38649597492,446.258168760957,1910.86598400337,1320.67105610767,2611.50963514414,1374.53594296372,999.994605548865,1448.24966485626,3226.34214931104,1933.42395443918,1721.19711812957,2289.92818933321,258.672404843383,1508.64729449628,1551.28209426614,991.922544427615,768.418940850338,1051.89243368986,786.596909434646,2249.81645485965,832.535563137981,239.825702198768,677.274890870595,1448.90894033357,987.575615607009,2871.12394422924,2133.87450632339,1919.78255724539,1533.14584028253
"107","Thu, Feb 9, 2017",2081.56124833072,1979.48821775106,446.258168760957,1898.69496619874,1320.67105610767,2608.08771529624,1375.98057841878,999.994605548865,1448.24966485626,3226.34214931104,1945.59497224381,1721.19711812957,2289.92818933321,258.672404843383,1508.64729449628,1551.28209426614,991.922544427615,768.418940850338,1051.89243368986,786.596909434646,2253.23837470755,832.04476391787,240.316501418879,677.274890870595,1435.80721855742,987.575615607009,2871.12394422924,2133.87450632339,1918.33792179032,1533.14584028253
"108","Fri, Feb 10, 2017",2081.22976289361,1979.48821775106,435.942941897572,1898.69496619874,1318.86418513196,2608.08771529624,1375.98057841878,1011.99274691114,1437.95333928986,3237.68325634331,1945.59497224381,1716.56933464642,2289.92818933321,259.308110280679,1497.30618746401,1561.59732112952,991.286838990319,749.248678849626,1071.06269569057,774.598768072367,2253.23837470755,832.04476391787,240.316501418879,679.081761846305,1435.80721855742,987.90710104412,2881.42026979564,2133.87450632339,1918.33792179032,1537.77362376568
"109","Sat, Feb 11, 2017",2081.22976289361,1989.652015716,435.942941897572,1888.99547480258,1318.86418513196,2620.01634258418,1404.96773891309,1000.06411962321,1437.95333928986,3253.35843732419,1966.97670539701,1715.55513444648,2299.62768072937,259.308110280679,1497.30618746401,1561.66321819897,992.301039190266,749.248678849626,1071.06269569057,774.598768072367,2237.56319372666,803.057603423564,240.250604349434,657.700028693101,1435.80721855742,987.90710104412,2881.42026979564,2133.87450632339,1908.17412382539,1537.77362376568
"110","Sun, Feb 12, 2017",2081.22976289361,1989.652015716,435.942941897572,1888.99547480258,1315.61214781045,2620.01634258418,1404.96773891309,1000.06411962321,1438.27941385332,3253.35843732419,1966.97670539701,1715.55513444648,2299.62768072937,259.308110280679,1497.30618746401,1561.66321819897,992.301039190266,752.500716171138,1064.13043213869,774.598678727389,2237.56319372666,803.057603423564,240.250604349434,657.700028693101,1435.80721855742,994.839364596003,2881.42035914061,2133.54843175994,1908.17412382539,1537.77362376568
"111","Mon, Feb 13, 2017",2090.29121159843,2005.79066588882,425.438041363952,1888.99913650178,1315.61214781045,2620.01634258418,1388.82908874027,1000.06402730177,1435.17821475999,3253.35852964563,1966.97670539701,1709.01846981809,2319.00411880532,259.308110280679,1507.81108799763,1561.04263117744,995.402238283593,752.500716171138,1070.78202996255,774.598678727389,2235.86230080668,803.67819044509,240.246942650235,651.048430869238,1426.7457698526,994.839364596003,2887.957023769,2133.54843175994,1888.79768574944,1539.47451668566
"112","Tue, Feb 14, 2017",2090.29121159843,2005.79066588882,425.438041363952,1888.99913650178,1316.35315033575,2627.29707287927,1388.82908874027,1000.06402730177,1435.17821475999,3253.35852964563,1966.97670539701,1709.01846981809,2319.00411880532,254.291610911108,1507.81108799763,1561.04263117744,995.402238283593,745.219985876052,1070.78202996255,774.598678727389,2235.86230080668,803.67819044509,240.246942650235,651.048430869238,1426.7457698526,999.855863965574,2887.957023769,2132.80742923464,1888.79768574944,1539.47451668566
"113","Wed, Feb 15, 2017",2073.47776281277,2013.07587960713,417.065295046903,1880.13805829555,1316.35315033575,2637.9712544688,1380.2993036768,994.295687494289,1443.70799982345,3265.8937382795,1964.60687884549,1698.34428822855,2335.81756759098,221.830608648356,1506.35709278166,1563.41245772896,1003.77498460064,750.988325683532,1072.23602517852,764.808669752379,2245.65230978169,788.083975669281,232.961728931924,683.509433131991,1403.44780901724,987.320655331707,2903.55123854481,2141.66850744087,1912.09564658481,1539.47451668566
"114","Thu, Feb 16, 2017",2073.47776281277,2012.67909356953,417.065295046903,1880.13805829555,1316.74993637335,2637.9712544688,1380.2993036768,994.295687494289,1443.70799982345,3265.8937382795,1964.60687884549,1690.31315548078,2335.81756759098,221.830608648356,1506.35709278166,1563.41245772896,1003.77498460064,750.988325683532,1072.23602517852,764.808669752379,2245.65230978169,788.083975669281,232.961728931924,683.509433131991,1403.44780901724,987.320655331707,2903.55123854481,2141.66850744087,1912.09564658481,1547.50564943343
"115","Thu, Feb 23, 2017",2073.47776281277,2012.67909356953,417.065295046903,1878.10615800396,1316.74993637335,2648.41377945935,1380.2993036768,979.229977238073,1445.73990011504,3277.2186530997,1989.97281248486,1690.31315548078,2324.49265277078,221.830608648356,1506.35709278166,1563.41245772896,1003.77498460064,750.988325683532,1046.87009153914,754.366144761837,2245.65230978169,775.405485026634,232.961728931924,683.509433131991,1416.12629965989,1002.38636558792,2903.55123854481,2141.66850744087,1912.09564658481,1547.50564943343
"116","Fri, Feb 24, 2017",2070.88453358059,2000.79385348001,396.459594180587,1878.10615800396,1327.08485600993,2648.41377945935,1378.76867513649,999.83567810439,1445.73990011504,3277.2186530997,1989.97281248486,1702.87083743903,2312.51029883049,210.976933273505,1493.79941082341,1566.00568696115,988.956624884826,752.518954223841,1046.87009153914,754.366144761837,2256.50598515655,775.405485026634,232.890422828986,673.174513495417,1416.12629965989,1002.38636558792,2915.53359248509,2153.55374753039,1926.91400630062,1547.57695553637
"117","Sat, Feb 25, 2017",2071.04123330325,2000.79385348001,387.804248421942,1893.13523610581,1326.81948697033,2648.67914849894,1394.63345653603,999.83567810439,1445.73990011504,3285.87399885834,2001.20667783103,1691.1214412785,2312.51029883049,210.976933273505,1493.79941082341,1577.75508312167,988.956624884826,741.285088877673,1031.00531013961,759.509890668595,2256.50598515655,775.248785303967,227.746676922229,673.174513495417,1416.12629965989,987.357287486074,2915.53359248509,2153.55374753039,1926.91400630062,1547.57695553637
"118","Sun, Feb 26, 2017",2071.04123330325,2011.08226484058,387.804248421942,1885.88463491071,1326.81948697033,2648.67914849894,1394.63345653603,988.439366516783,1435.45148875448,3285.87399885834,2001.20667783103,1691.1214412785,2319.76090002559,200.262977208686,1505.19572241102,1577.75508312167,997.122244638091,741.285088877673,1022.19976219645,759.509890668595,2265.3115330997,775.248785303967,227.746676922229,665.008893742152,1406.99611679808,987.357287486074,2926.24754854991,2162.6839303922,1941.22505287465,1533.26590896234
"119","Mon, Feb 27, 2017",2086.74874279356,1995.37475535027,387.804248421942,1885.88463491071,1326.81948697033,2655.68562852695,1400.254975133,988.439366516783,1435.45148875448,3292.26387785445,1997.48657937613,1694.8415397334,2319.76090002559,200.262977208686,1505.19572241102,1572.13356452469,990.115764610082,747.537355264299,1022.19976219645,755.702511139157,2265.3115330997,775.248785303967,221.35679792612,665.008893742152,1406.99611679808,981.105021099447,2926.24754854991,2166.49130992164,1941.22505287465,1533.26590896234
"120","Tue, Feb 28, 2017",2086.74874279356,1995.37475535027,387.804248421942,1891.87735679525,1321.60748481091,2655.68562852695,1400.254975133,993.651368676205,1443.70369930363,3292.26491736529,1997.48657937613,1694.8415397334,2319.76090002559,194.270255324148,1522.44379623395,1572.13356452469,990.115764610082,747.537355264299,1022.19976219645,755.702511139157,2272.54111795762,775.248785303967,221.35679792612,647.76081991922,1398.74390624892,981.105021099447,2926.24754854991,2166.49130992164,1933.99546801673,1533.26486945151
"121","Wed, Mar 1, 2017",2095.22490935679,1996.08052199297,388.983377324655,1891.87735679525,1321.60748481091,2654.97986188424,1391.77880856978,1005.37283924844,1438.66986330352,3292.26491736529,2003.24884072141,1690.93035701616,2313.99863868031,194.270255324148,1522.44379623395,1590.87939887328,978.394294037847,748.398152983239,1027.23359819656,766.260133707578,2272.54111795762,764.691162735546,202.61096357753,647.76081991922,1398.74390624892,979.925892196735,2930.15873126715,2165.48707633919,1933.1346702978,1534.26910303395
"122","Thu, Mar 2, 2017",2095.22490935679,1996.08052199297,388.983377324655,1892.17894107366,1321.6071813742,2654.97986188424,1391.77880856978,1005.37283924844,1438.66986330352,3292.265220802,2003.24884072141,1690.93035701616,2313.99863868031,194.270255324148,1522.44379623395,1590.87939887328,978.394294037847,748.398152983239,1027.23359819656,766.260133707578,2272.1273097804,764.691162735546,202.61096357753,647.459235640807,1399.15771442614,979.925892196735,2930.15873126715,2165.48707633919,1933.1346702978,1534.26910303395
"123","Fri, Mar 3, 2017",2085.87616679115,2009.4985870551,377.355093432856,1892.17894107366,1321.6071813742,2664.32860444988,1396.74774783808,1005.37283924844,1438.66986330352,3292.265220802,2003.24884072141,1690.93035701616,2314.06655642503,180.852190262017,1517.47485696564,1590.15446443203,978.326376293129,748.398152983239,1022.80079456251,765.365777004482,2272.13115375809,765.416097176801,203.505320280626,647.455391663113,1399.15771442614,979.925892196735,2934.5915349012,2177.2422241791,1944.76295418959,1522.51395519405
"124","Sat, Mar 4, 2017",2085.87616679115,2009.4985870551,363.835935194059,1904.24710895836,1310.07591724553,2662.91665143715,1396.74774783808,993.304671363738,1460.64745919603,3292.265220802,2020.52903530433,1690.93035701616,2325.5978205537,180.852190262017,1500.19466238273,1591.56641744476,977.894158395879,742.450559851015,1022.80079456251,765.365777004482,2272.13115375809,765.416097176801,181.527724388124,647.455391663113,1412.67687266494,979.925892196735,2940.53912803342,2177.67444207635,1944.76295418959,1522.51395519405
"125","Sun, Mar 5, 2017",2084.7730743781,2009.52451073059,363.835935194059,1904.24710895836,1310.07591724553,2662.91665143715,1397.5368014724,993.304671363738,1460.64745919603,3297.83378349877,2020.52903530433,1692.0334494292,2325.5978205537,170.086448300559,1500.19466238273,1591.56641744476,977.894158395879,742.450559851015,1033.56653652397,759.797214307708,2271.34210012377,760.681121347102,181.527724388124,647.429467987623,1412.67687266494,975.381176470439,2940.53912803342,2177.67444207635,1949.30766991589,1527.24893102375
"126","Mon, Mar 6, 2017",2075.56613838831,1992.91734301349,364.224189091441,1918.62922079883,1294.98910065069,2662.65075957819,1397.5368014724,1004.48582654087,1475.73427579087,3307.04071948856,2015.23415808013,1677.65133758873,2342.20498827081,170.086448300559,1499.80640848535,1591.83230930372,993.448163157574,742.450559851015,1025.84123383794,768.859835031126,2271.34210012377,751.618500623684,165.973719626429,647.429467987623,1412.67687266494,964.200021293305,2945.83400525762,2177.67444207635,1957.03297260193,1527.24893102375
"127","Tue, Mar 7, 2017",2075.56613838831,1992.91734301349,364.224189091441,1918.62922079883,1294.98910065069,2662.65075957819,1408.20817219226,1004.48582654087,1475.73427579087,3307.04071948856,2015.23415808013,1677.65133758873,2342.20498827081,159.415077580707,1499.80640848535,1591.83230930372,993.448163157574,742.450559851015,1025.84123383794,768.859835031126,2271.02364228597,751.618500623684,165.973719626429,640.052465156683,1412.99533050274,964.200021293305,2945.83400525762,2177.67444207635,1957.03297260193,1534.62593385469
"128","Wed, Mar 8, 2017",2081.3128051539,1992.66981473918,358.477522325849,1915.25033731049,1293.53395211265,2662.65075957819,1408.20817219226,990.56972194699,1457.76006551173,3307.28824776287,2007.87498409768,1695.62554786787,2342.21281313156,159.415077580707,1499.80640848535,1595.21119279206,1007.16573181288,742.442734990258,1017.09616532526,755.142266375818,2271.02364228597,753.073649161723,165.973719626429,640.052465156683,1412.99533050274,956.413000820485,2953.62102573044,2186.41951058902,1964.39214658438,1548.54203844857
"129","Thu, Mar 9, 2017",2081.3128051539,1992.66981473918,358.477522325849,1915.25033731049,1293.53395211265,2662.96207687037,1408.20817219226,990.56972194699,1457.44874821956,3307.28824776287,2007.87498409768,1695.62554786787,2358.87939640501,161.651476332169,1483.1398252119,1595.21119279206,1007.16573181288,742.442734990258,1017.09616532526,755.142266375818,2272.093669764,753.073649161723,158.535551187913,637.816066405221,1420.43349894126,956.413000820485,2952.5509982524,2186.41951058902,1964.39214658438,1548.54203844857
"130","Fri, Mar 10, 2017",2087.84727292943,1991.80745566263,348.361005829008,1942.10772247571,1272.31238643047,2662.96207687037,1418.3246886891,991.432081023544,1457.44874821956,3307.28825052792,2029.09654977986,1694.32626762889,2358.87939640501,161.651476332169,1483.1398252119,1595.21119279206,1008.46501205187,742.442732225203,1017.09616532526,755.142266375818,2272.093669764,726.216263996503,158.535551187913,637.816066405221,1420.43349894126,944.485888547929,2952.5509982524,2179.88504281349,1964.39214658438,1560.46915072112
"131","Sat, Mar 11, 2017",2107.00140397054,1991.80745566263,348.361005829008,1941.89932457713,1272.31238643047,2672.09054866793,1418.04003033702,1004.8273938125,1477.05812475737,3300.96574894817,2029.09654977986,1694.32626762889,2367.07309465389,161.651476332169,1463.98569417079,1597.19896216429,1019.16567411363,731.742070163437,1017.30456322384,735.532889838009,2283.7955995877,717.087792198935,150.341852939035,638.100724757295,1415.40828262433,931.090575758973,2958.87349983216,2177.89727344125,1952.69021676069,1565.49436703805
"132","Sun, Mar 12, 2017",2107.00140397054,2011.28560840775,351.253206830368,1941.89932457713,1252.83423368535,2671.25444469601,1418.04003033702,1004.8273938125,1477.05812475737,3300.96574894817,2029.93265375179,1701.27772492651,2367.07309465389,156.93416099228,1463.98569417079,1590.24750486666,1019.16567411363,731.742070163437,1017.30456322384,732.640688836649,2283.7955995877,717.087792198935,155.059168278924,626.232572442695,1427.27643493893,931.090575758973,2958.87349983216,2177.89727344125,1952.69021676069,1565.49436703805
"133","Mon, Mar 13, 2017",2096.76868947777,2011.28560840775,351.253206830368,1941.25877943892,1253.47477882356,2671.25444469601,1397.55012613403,1028.30627891167,1477.05812475737,3300.96574894817,2029.93265375179,1701.27772492651,2364.85786068148,133.455275893112,1485.16539960251,1590.24750486666,997.985968681907,732.611285178594,1017.30456322384,732.640688836649,2283.7955995877,708.379384190757,155.059168278924,626.232572442695,1427.27643493893,939.798983767152,2969.10621432492,2198.38717764425,1954.90545073309,1564.62515202289
"134","Tue, Mar 14, 2017",2096.76868947777,2011.28560840775,339.289284632879,1941.25877943892,1253.47477882356,2693.75191793482,1397.55012613403,1028.30627891167,1454.56065151855,3303.65256209244,2029.93265375179,1700.87548093261,2364.85786068148,133.455275893112,1485.16539960251,1590.24750486666,997.985968681907,732.611285178594,1022.57073414043,733.04293283055,2295.75952178519,708.379384190757,152.37235513465,626.232572442695,1422.01026402235,939.798983767152,2969.10621432492,2198.38717764425,1954.90545073309,1564.62515202289
"135","Wed, Mar 15, 2017",2096.76868947777,2022.93120966138,339.289284632879,1931.92407695164,1242.24044142424,2693.75191793482,1402.04262418203,1028.30627891167,1437.16663308329,3303.65256209244,2050.35275614875,1710.2101834199,2364.89093346709,113.035173496153,1496.39973700183,1601.64954551034,997.952895896306,720.96568392497,1011.16869349675,733.04293283055,2295.75952178519,708.379384190757,152.37235513465,615.614920113814,1422.00304860123,950.416636096033,2969.11342974604,2198.38717764425,1972.29946916835,1560.13265397489
"136","Thu, Mar 16, 2017",2095.39884923223,2022.93120966138,342.308976139391,1931.92407695164,1242.24044142424,2704.54002420318,1402.04262418203,1028.22413764582,1437.16663308329,3317.50775816587,2050.35275614875,1710.2101834199,2364.97307473293,113.035173496153,1497.76957724738,1601.64954551034,997.952895896306,720.96568392497,1011.16869349675,730.023241324038,2315.77694928028,694.524188117329,152.37235513465,615.614920113814,1422.00304860123,950.416636096033,2969.11342974604,2178.36975014916,1961.5113629,1560.13265397489
"137","Fri, Mar 17, 2017",2095.39884923223,2027.70004802057,337.540137780199,1931.92407695164,1233.15039640915,2704.54002420318,1402.57031711979,1028.22413764582,1422.75921062043,3317.50775816587,2049.554348679,1710.2101834199,2364.97307473293,105.674451052298,1497.76957724738,1618.61225600842,1005.31361834016,704.002973426889,1011.9671009665,730.023241324038,2315.77694928028,703.421890563433,151.844662196893,606.71721766771,1422.00304860123,950.416636096033,2969.11342974604,2192.77717261202,1961.5113629,1569.22269898998
"138","Sat, Mar 18, 2017",2094.16117813948,2027.70004802057,337.540137780199,1941.06356971769,1234.0091526262,2696.17361664966,1402.57031711979,1021.28246828469,1422.75921062043,3330.5954508021,2056.49601804014,1710.2101834199,2373.33948228644,105.674451052298,1497.75476666298,1618.61225600842,992.225925703935,704.002973426889,1011.9671009665,730.023241324038,2328.71552732827,703.421890563433,151.844662196893,606.71721766771,1423.24071969398,937.478058048037,2969.12824033044,2192.77717261202,1960.65260668295,1560.08320622393
"139","Sun, Mar 19, 2017",2094.16117813948,2027.70059224159,328.474912548741,1941.06356971769,1234.0091526262,2700.75464431701,1411.63554235125,1021.28246828469,1439.51226345641,3330.5954508021,2056.49601804014,1685.58660409104,2373.33948228644,101.093423384951,1497.75476666298,1612.21323518659,992.225925703935,687.425090444967,1028.54498394842,730.023241324038,2328.71552732827,703.421890563433,151.844117975875,589.964164831729,1429.63974051582,927.084857038002,2979.52144134048,2217.40075194087,1960.65260668295,1560.08320622393
"140","Mon, Mar 20, 2017",2084.2716443624,2039.39606678043,328.474912548741,1950.95310349477,1234.0091526262,2700.75464431701,1411.63554235125,1017.05695431429,1439.51226345641,3346.15438843046,2060.72153201054,1689.68064784575,2381.46848552258,101.093423384951,1497.75476666298,1612.21323518659,992.225925703935,687.425090444967,1028.54498394842,721.894238087902,2313.1565896999,710.477038795038,144.78896974427,589.964164831729,1429.63974051582,927.084857038002,2979.52144134048,2217.40075194087,1956.55856292824,1548.38773168509
"141","Tue, Mar 21, 2017",2084.2716443624,2039.39606678043,328.991434453499,1950.95310349477,1228.85023492689,2700.75464431701,1396.58490069084,1017.05695431429,1438.99574155165,3361.20503009088,2060.72153201054,1689.68064784575,2394.65554743765,87.9063614698858,1494.92392268655,1626.36236980094,993.509204686628,681.487399807079,1031.37582792485,721.894238087902,2313.1565896999,710.477038795038,144.78896974427,575.81503021737,1428.35646153312,927.084857038002,2985.45913197837,2222.55966964018,1956.55856292824,1548.38773168509
"142","Wed, Mar 22, 2017",2083.14555343125,2052.02593695927,328.991434453499,1959.39135529996,1239.55150234485,2700.75818925268,1396.58490069084,1017.05340937861,1428.29447413369,3361.20503009088,2060.72153201054,1677.05077766691,2394.65554743765,87.9063614698858,1494.92392268655,1626.36236980094,1010.70291193616,681.487399807079,1031.37582792485,713.763705216877,2326.77926193604,702.038786989849,131.166297508128,575.81503021737,1428.35646153312,909.89114978847,2985.45913197837,2222.55966964018,1964.68909579926,1549.51382261624
"143","Thu, Mar 23, 2017",2083.14555343125,2052.02593695927,340.19058698214,1959.39135529996,1239.55150234485,2700.75818925268,1396.83832598582,1017.05340937861,1428.29447413369,3361.20503009088,2060.72153201054,1677.05077766691,2394.40212214266,87.9063614698858,1487.52110554557,1607.14875052846,1010.70291193616,681.487399807079,1031.37582792485,697.723162693058,2326.77926193604,702.038786989849,131.166297508128,564.615877688729,1444.39700405694,909.89114978847,2992.86194911934,2241.77328891267,1964.68909579926,1549.51382261624
"144","Fri, Mar 24, 2017",2082.77078240005,2061.16766498212,323.651512873987,1948.97578062556,1239.24159882775,2711.17376392708,1396.83832598582,1017.89583190498,1426.44675653788,3369.66373409077,2071.59623808988,1676.20835514055,2394.40212214266,89.4781890837631,1487.52110554557,1607.14875052846,1011.07768296736,679.915572193201,1020.5011218455,697.723162693058,2326.77926193604,703.88650458566,131.476201025226,555.474149665873,1444.39700405694,901.432445788577,2992.86194911934,2241.77328891267,1964.68909579926,1566.05289672439
"145","Sat, Mar 25, 2017",2082.77078240005,2061.16766498212,323.651512873987,1948.97578062556,1239.24159882775,2710.79386744908,1386.08650255835,1017.89583190498,1426.44675653788,3369.66373409077,2071.59623808988,1676.20835514055,2410.27603004982,89.4781890837631,1487.52110554557,1607.14875052846,1011.07768296736,666.324550861127,1020.5011218455,691.496174665335,2326.77926193604,703.88650458566,131.476201025226,555.474149665873,1457.98802538902,901.432445788577,2999.08893714706,2252.52511234013,1948.8151878921,1566.4327932024
"146","Sun, Mar 26, 2017",2082.77342761923,2069.33358815823,323.648867654804,1960.69207061593,1257.18674007742,2710.79386744908,1386.08650255835,998.620345957372,1426.44675653788,3378.66394478523,2077.67893281526,1686.78886638575,2410.28262644981,76.0609605439669,1478.52089485111,1598.98282735235,993.132541717696,666.324550861127,1039.77660779311,691.496174665335,2320.69656721066,703.88650458566,120.895689780024,543.757859675496,1471.40525392881,901.425849388585,2999.08893714706,2252.52511234013,1948.8151878921,1566.4327932024
"147","Mon, Mar 27, 2017",2082.77342761923,2069.33358815823,323.648867654804,1960.69207061593,1257.18674007742,2683.44254199058,1381.48227957376,998.620345957372,1425.33632549005,3378.66394478523,2077.67893281526,1686.78886638575,2410.28262644981,76.0609605439669,1477.90668977623,1598.98282735235,993.132541717696,666.324550861127,1029.78220117782,692.606605713169,2325.30079019525,690.254351586229,120.895689780024,543.757859675496,1471.40525392881,902.040054463467,3026.44026260556,2266.15726533956,1958.80959450739,1566.4327932024
"148","Tue, Mar 28, 2017",2088.24542152716,2069.33358815823,319.661085632014,1960.34328746973,1257.18674007742,2683.44254199058,1381.48227957376,986.094005351178,1420.14798092019,3386.9039609811,2069.4389166194,1686.66547162825,2410.28262644981,66.0173455664303,1477.90668977623,1604.17117192221,993.481324863903,666.447945618632,1029.78220117782,692.606605713169,2325.30079019525,690.254351586229,124.883471802814,538.285865767564,1483.93159453501,902.040054463467,3026.44026260556,2266.15726533956,1958.80959450739,1576.47640817994
"149","Wed, Mar 29, 2017",2094.79048309003,2069.16991981418,319.661085632014,1962.80052056945,1257.18674007742,2683.44254199058,1379.43999374269,986.094005351178,1420.14798092019,3402.95242005803,2069.4389166194,1679.14220033335,2421.33484176922,66.0173455664303,1485.42996107113,1621.02333251653,993.644993207955,666.447945618632,1031.8244870089,675.754445118841,2333.16770762132,682.387434160167,118.338410239943,538.285865767564,1483.93159453501,878.397396286627,3010.39180352864,2263.70003223983,1982.45225268423,1565.42419286053
"150","Thu, Mar 30, 2017",2094.79048309003,2069.16991981418,315.544805710314,1962.80052056945,1257.16772037206,2683.46156169594,1379.43999374269,986.094005351178,1424.26426084189,3402.95242005803,2067.91159971212,1679.14220033335,2427.50501069896,49.2880257328682,1485.42996107113,1621.02333251653,993.644993207955,683.177265452194,1031.8244870089,675.754445118841,2333.16770762132,682.387434160167,118.338410239943,532.11569683783,1485.45891144228,878.397396286627,3010.39180352864,2263.70003223983,1982.45225268423,1565.42419286053
"151","Fri, Mar 31, 2017",2094.79048309003,2072.86087089022,315.544805710314,1972.52091061532,1257.16772037206,2692.81469548146,1368.61020084758,976.373615305313,1422.76136959008,3412.01127458193,2058.85274518822,1665.38776660149,2427.50501069896,49.2880257328682,1496.25975396624,1620.79946542344,995.147884459761,683.177265452194,1056.29271761118,675.978312211934,2324.22020793019,678.696483084135,108.985276454421,532.11569683783,1485.45891144228,853.92916568434,3019.33930321977,2277.45446597169,1993.36526734317,1554.51117820158
"152","Sat, Apr 1, 2017",2094.4815707818,2072.86087089022,319.172579688711,1972.52091061532,1257.47663268029,2692.81469548146,1368.61020084758,976.373615305313,1422.76136959008,3412.01127458193,2058.85274518822,1665.38776660149,2434.88880349186,41.9042329399691,1496.25975396624,1620.79946542344,995.147884459761,673.275786259641,1056.29271761118,675.978312211934,2324.22020793019,675.068709105738,108.985276454421,518.871571411417,1498.70303686869,863.830644876893,3019.33930321977,2277.45446597169,1993.36526734317,1554.51117820158
"153","Sun, Apr 2, 2017",2094.4829893191,2086.13503411314,319.17116115141,1976.29849873058,1268.50559112793,2700.19496728939,1377.33296901024,976.925262412579,1422.76136959008,3426.52547832028,2066.390050795,1658.00749479356,2434.88880349186,41.8908675903981,1496.27311931581,1620.24781831617,986.425116297103,673.275786259641,1045.26375916355,662.704148989013,2320.44261981492,675.068709105738,102.534121191782,511.334265804639,1498.70303686869,863.830644876893,3027.45358413371,2283.90562123433,1985.25098642923,1539.99697446323
"154","Mon, Apr 3, 2017",2094.4829893191,2086.13503411314,319.17116115141,1976.29849873058,1268.50559112793,2700.19496728939,1377.33296901024,976.925262412579,1422.76136959008,3426.52547832028,2066.390050795,1658.00749479356,2434.88880349186,41.8908675903981,1496.27311931581,1620.24781831617,986.425116297103,673.54241752367,1045.26375916355,662.704148989013,2320.44261981492,675.068709105738,102.534121191782,511.334265804639,1498.43640560467,863.830644876893,3027.45358413371,2283.90562123433,1985.25098642923,1539.99697446323
"155","Tue, Apr 4, 2017",2094.4829893191,2086.13503411314,343.095447173419,1974.08679276067,1267.17856555574,2712.32794032053,1375.19401772595,981.690735845007,1422.76136959008,3434.36226637508,2066.390050795,1659.93422084153,2434.88880349186,41.8908675903981,1489.5644288311,1620.24781831617,965.576569331662,665.705629468871,1040.49828573112,664.031174561198,2341.29116678036,662.935736074597,78.6098351697731,511.334265804639,1478.15155171526,865.969596161179,3034.16227461841,2281.97889518636,2005.53584031864,1542.20868043314
"156","Wed, Apr 5, 2017",2094.4829893191,2062.69672496595,343.095447173419,1970.14272220194,1267.17856555574,2735.76624946772,1363.79555581138,973.765999312906,1416.18174894355,3440.19366086221,2074.3147873271,1659.93422084153,2446.28726540642,41.8908671912957,1482.96341154076,1624.19188887491,965.576569331662,665.705629468871,1040.49828573112,664.031174561198,2347.8921840707,662.935736074597,78.6098351697731,505.502871317504,1478.15155171526,865.969596161179,3034.16227501752,2288.55851583289,2005.53584031864,1542.20868043314
"157","Thu, Apr 6, 2017",2102.7877227269,2054.39199155815,331.363468133793,1970.14272220194,1279.09518761067,2735.76624946772,1363.79555581138,973.765999312906,1416.18174894355,3440.19366086221,2074.3147873271,1676.10140314658,2446.28726540642,41.8908671912957,1482.96341154076,1624.19188887491,949.409387026616,656.069347303467,1040.49828573112,657.505407377453,2347.8921840707,674.667715114223,66.6932131148463,505.502871317504,1487.78783388066,865.969596161179,3034.16227501752,2288.55851583289,2005.53584031864,1548.73444761688
"158","Fri, Apr 7, 2017",2104.11596821114,2054.39199155815,331.363468133793,1970.14272220194,1279.09518761067,2734.43800398348,1353.30717669203,986.910328130091,1416.83952171409,3440.19366086221,2073.65701455656,1676.10140314658,2446.28726540642,42.3095481202353,1496.92353309993,1618.32325592571,949.409387026616,648.281505174208,1027.35395691394,643.545285818284,2347.89370012006,674.667715114223,66.6932131148463,505.501355268145,1487.78783388066,865.55091523224,3044.65065413687,2294.42714878209,2013.3236824479,1548.73444761688
"159","Sat, Apr 8, 2017",2104.11596821114,2064.14813377911,331.57599710254,1960.38657998098,1278.88265864192,2734.43800398348,1353.30717669203,986.910328130091,1416.83952171409,3451.82727435476,2073.65701455656,1691.00453859638,2447.59409905912,42.3095481202353,1496.92353309993,1624.66579915197,959.986581114669,648.281505174208,1015.72034342139,643.545285818284,2347.89370012006,659.764579664419,56.1160190267939,505.501355268145,1490.28335820563,865.55091523224,3043.34382048417,2294.42714878209,2010.82815812293,1542.39190439062
"160","Sun, Apr 9, 2017",2104.61900977128,2064.14813377911,331.57599710254,1960.38657998098,1278.88265864192,2733.93496242333,1352.54318541623,983.041755574376,1426.96577215515,3451.82727435476,2082.20500098076,1691.00453859638,2447.59409905912,42.8602350201357,1486.79728265887,1624.66579915197,959.986581114669,647.730818274307,1015.72034342139,632.986541164288,2351.76227267578,659.764579664419,56.1160190267939,506.265346543944,1490.28335820563,857.002928808032,3043.34382048417,2304.98589343609,2010.82815812293,1542.39190439062
"161","Mon, Apr 10, 2017",2104.61900977128,2072.042008822,323.682122059653,1959.84115655248,1316.5228336524,2733.35743587523,1352.54318541623,983.041755574376,1419.32032406528,3451.85254609528,2054.49573525438,1699.43903545439,2475.3033647855,42.8602350201357,1486.79728265887,1625.24332570007,960.532004543165,647.730818274307,1015.72034342139,632.986541164288,2351.76227267578,622.124404653946,47.6815221687819,506.265346543944,1490.28007386279,857.002928808032,3043.34710482701,2304.98589343609,2010.80288638241,1550.03735248049
"162","Tue, Apr 11, 2017",2128.23894352174,2072.042008822,323.682122059653,1936.22122280203,1316.5228336524,2733.35743587523,1347.93778467144,987.647156319172,1419.32032406528,3451.85254609528,2054.49573525438,1699.43903545439,2475.3033647855,43.4651334815403,1486.79728265887,1625.24332570007,960.532004543165,643.641830876019,1015.11544495999,632.986541164288,2355.85126007407,622.124404653946,47.6815221687819,481.387112541897,1490.28007386279,881.881162810079,3043.34710482701,2304.98589343609,2010.80288638241,1550.03735248049
"163","Wed, Apr 12, 2017",2124.11531177749,2087.48496330395,295.478386961156,1936.22122280203,1344.72656875089,2730.15050264569,1353.80869034083,987.585074412008,1418.86946330414,3458.92608831522,2060.86630552404,1703.56266719864,2489.21452491053,36.3915912615981,1480.92637698948,1634.90376260557,945.089050061213,637.271260606355,1016.21439874839,638.034116960907,2355.91334198123,622.575265415085,42.6339463721626,481.387112541897,1489.18112007439,867.970002685055,3042.99507052366,2308.19282666563,2011.15492068576,1540.376915575
"164","Sat, Apr 15, 2017",2124.11531177749,2087.48496330395,295.478386961156,1936.22122280203,1344.72656875089,2734.39079699175,1353.80869034083,987.585074412008,1418.86946330414,3458.92608831522,2060.86630552404,1699.32237285258,2488.27596896311,36.3915912615981,1462.61406880462,1634.90376260557,944.977920005146,637.271260606355,1016.21439874839,638.034116960907,2355.91334198123,622.575265415085,42.6339463721626,481.387112541897,1489.18112007439,867.970002685055,3061.30737870852,2308.3039567217,2012.09347663317,1540.376915575
"165","Sun, Apr 16, 2017",2122.86881745876,2087.05754809069,295.478386961156,1936.22122280203,1345.15398396415,2734.39079699175,1353.80869034083,987.585074412008,1418.86946330414,3467.68886738121,2070.99440468481,1699.32237285258,2488.27596896311,36.3915912615981,1462.61406880462,1634.90376260557,944.977920005146,637.271260606355,1016.21439874839,638.034116960907,2345.78524282047,622.575265415085,42.6339463721626,481.387112541897,1480.4183410084,867.970002685055,3061.30737870852,2308.3039567217,2012.09347663317,1541.62340989373
"166","Mon, Apr 17, 2017",2122.86881745876,2087.05754809069,295.478386961156,1936.22122280203,1345.15398396415,2742.47525754987,1353.80869034083,987.585074412008,1418.86946330414,3467.68886738121,2070.99440468481,1691.23791229447,2488.27596896311,36.3915912615981,1451.71060408195,1634.90376260557,944.977920005146,637.271260606355,1016.21439874839,638.034116960907,2345.78524282047,622.575265415085,42.6339463721626,481.387112541897,1480.4183410084,867.970002685055,3072.21084343119,2308.3039567217,2012.09347663317,1541.62340989373
"167","Tue, Apr 18, 2017",2122.86881745876,2086.18556692993,295.478386961156,1936.22122280203,1346.02596512491,2742.47525754987,1353.80869034083,987.585074412008,1418.86946330414,3467.68886738121,2070.99440468481,1691.23791229447,2499.95223600382,36.3915912615981,1451.71060408195,1634.90376260557,937.85593283911,637.271260606355,1016.21439874839,638.034116960907,2345.78524282047,622.575265415085,42.6339463721626,481.387112541897,1480.4183410084,867.970002685055,3072.21084343119,2315.42594388773,2000.41720959247,1541.62340989373
"168","Wed, Apr 19, 2017",2121.51075889208,2086.18556692993,295.478386961156,1936.22122280203,1346.02596512491,2742.47525754987,1353.80869034083,987.585074412008,1418.86946330414,3483.66981919087,2074.07521544478,1691.23791229447,2499.95223600382,36.3915912615981,1451.71060408195,1634.90376260557,937.85593283911,637.271260606355,1016.21439874839,638.034116960907,2342.7044320605,622.575265415085,42.6339463721626,481.387112541897,1464.43738919874,867.970002685055,3072.21084343119,2315.42594388773,2000.41720959247,1542.98146846041
"169","Thu, Apr 20, 2017",2121.51075889208,2086.18556692993,295.478386961156,1936.22122280203,1346.02596512491,2750.10250714407,1353.80869034083,987.585074412008,1418.86946330414,3483.66981919087,2074.07521544478,1683.61066270026,2499.95223600382,36.3915912615981,1451.70540493451,1634.90376260557,937.775879499391,637.271260606355,1016.21439874839,638.034116960907,2342.7044320605,622.575265415085,42.6339463721626,481.387112541897,1464.43738919874,867.970002685055,3072.21604257863,2315.50599722745,2000.41720959247,1542.98146846041
